cavity_id,group_id,local_member_id,symmetry_operation,x,y,z,normal_x,normal_y,normal_z,streamwise_x,streamwise_y,streamwise_z,rotation_angle,accepted,rejection_reason,nearest_face_distance_mm
0,0,0,C3v_rot_0deg,157.857789,0.000000,34.394883,-0.212890,0.000000,0.977076,0.977076,0.000000,0.212890,12.291794,yes,,0.000000
1,0,1,C3v_rot_120deg,135.873577,12.990381,29.604847,-0.212890,0.000000,0.977076,0.977076,0.000000,0.212890,12.291794,yes,,0.000000
2,0,2,C3v_rot_240deg,135.873577,-12.990381,29.604847,-0.212890,0.000000,0.977076,0.977076,0.000000,0.212890,12.291794,yes,,0.000000
3,0,3,C3v_mirror_0deg,157.857789,0.000000,34.394883,-0.212890,0.000000,0.977076,0.977076,0.000000,0.212890,12.291794,yes,,0.000000
4,0,4,C3v_mirror_120deg,135.873577,-12.990381,29.604847,-0.212890,0.000000,0.977076,0.977076,0.000000,0.212890,12.291794,yes,,0.000000
5,0,5,C3v_mirror_240deg,135.873577,12.990381,29.604847,-0.212890,0.000000,0.977076,0.977076,0.000000,0.212890,12.291794,yes,,0.000000
6,1,0,C3v_rot_0deg,393.661517,65.244826,85.773035,-0.212890,0.000000,0.977076,0.977076,0.000000,0.212890,12.291794,yes,,0.000000
7,1,1,C3v_rot_120deg,371.677305,78.235207,80.983000,-0.212890,0.000000,0.977076,0.977076,0.000000,0.212890,12.291794,yes,,0.000000
8,1,2,C3v_rot_240deg,371.677305,52.254445,80.983000,-0.212890,0.000000,0.977076,0.977076,0.000000,0.212890,12.291794,yes,,0.000000
9,1,3,C3v_mirror_0deg,393.661517,65.244826,85.773035,-0.212890,0.000000,0.977076,0.977076,0.000000,0.212890,12.291794,yes,,0.000000
10,1,4,C3v_mirror_120deg,371.677305,52.254445,80.983000,-0.212890,0.000000,0.977076,0.977076,0.000000,0.212890,12.291794,yes,,0.000000
11,1,5,C3v_mirror_240deg,371.677305,78.235207,80.983000,-0.212890,0.000000,0.977076,0.977076,0.000000,0.212890,12.291794,yes,,0.000000
12,2,0,C3v_rot_0deg,629.465245,130.489652,137.151188,-0.212890,0.000000,0.977076,0.977076,0.000000,0.212890,12.291794,yes,,0.000000
13,2,1,C3v_rot_120deg,607.481033,143.480033,132.361152,-0.212890,0.000000,0.977076,0.977076,0.000000,0.212890,12.291794,yes,,0.000000
14,2,2,C3v_rot_240deg,607.481033,117.499271,132.361152,-0.212890,0.000000,0.977076,0.977076,0.000000,0.212890,12.291794,yes,,0.000000
15,2,3,C3v_mirror_0deg,629.465245,130.489652,137.151188,-0.212890,0.000000,0.977076,0.977076,0.000000,0.212890,12.291794,yes,,0.000000
16,2,4,C3v_mirror_120deg,607.481033,117.499271,132.361152,-0.212890,0.000000,0.977076,0.977076,0.000000,0.212890,12.291794,yes,,0.000000
17,2,5,C3v_mirror_240deg,607.481033,143.480033,132.361152,-0.212890,0.000000,0.977076,0.977076,0.000000,0.212890,12.291794,yes,,0.000000
18,3,0,C3v_rot_0deg,865.268973,195.734478,188.529340,-0.212890,0.000000,0.977076,0.977076,0.000000,0.212890,12.291794,yes,,0.000000
19,3,1,C3v_rot_120deg,843.284761,208.724859,183.739305,-0.212890,0.000000,0.977076,0.977076,0.000000,0.212890,12.291794,yes,,0.000000
20,3,2,C3v_rot_240deg,843.284761,182.744096,183.739305,-0.212890,0.000000,0.977076,0.977076,0.000000,0.212890,12.291794,yes,,0.000000
21,3,3,C3v_mirror_0deg,865.268973,195.734478,188.529340,-0.212890,0.000000,0.977076,0.977076,0.000000,0.212890,12.291794,yes,,0.000000
22,3,4,C3v_mirror_120deg,843.284761,182.744096,183.739305,-0.212890,0.000000,0.977076,0.977076,0.000000,0.212890,12.291794,yes,,0.000000
23,3,5,C3v_mirror_240deg,843.284761,208.724859,183.739305,-0.212890,0.000000,0.977076,0.977076,0.000000,0.212890,12.291794,yes,,0.000000
24,4,0,C3v_rot_0deg,1101.072701,260.979303,239.907493,-0.212890,0.000000,0.977076,0.977076,0.000000,0.212890,12.291794,yes,,0.000000
25,4,1,C3v_rot_120deg,1079.088489,273.969684,235.117458,-0.212890,0.000000,0.977076,0.977076,0.000000,0.212890,12.291794,yes,,0.000000
26,4,2,C3v_rot_240deg,1079.088489,247.988922,235.117458,-0.212890,0.000000,0.977076,0.977076,0.000000,0.212890,12.291794,yes,,0.000000
27,4,3,C3v_mirror_0deg,1101.072701,260.979303,239.907493,-0.212890,0.000000,0.977076,0.977076,0.000000,0.212890,12.291794,yes,,0.000000
28,4,4,C3v_mirror_120deg,1079.088489,247.988922,235.117458,-0.212890,0.000000,0.977076,0.977076,0.000000,0.212890,12.291794,yes,,0.000000
29,4,5,C3v_mirror_240deg,1079.088489,273.969684,235.117458,-0.212890,0.000000,0.977076,0.977076,0.000000,0.212890,12.291794,yes,,0.000000
30,5,0,C3v_rot_0deg,1336.876429,326.224129,291.285645,-0.212890,0.000000,0.977076,0.977076,0.000000,0.212890,12.291794,yes,,0.000000
31,5,1,C3v_rot_120deg,1314.892217,339.214510,286.495610,-0.212890,0.000000,0.977076,0.977076,0.000000,0.212890,12.291794,yes,,0.000000
32,5,2,C3v_rot_240deg,1314.892217,313.233748,286.495610,-0.212890,0.000000,0.977076,0.977076,0.000000,0.212890,12.291794,yes,,0.000000
33,5,3,C3v_mirror_0deg,1336.876429,326.224129,291.285645,-0.212890,0.000000,0.977076,0.977076,0.000000,0.212890,12.291794,yes,,0.000000
34,5,4,C3v_mirror_120deg,1314.892217,313.233748,286.495610,-0.212890,0.000000,0.977076,0.977076,0.000000,0.212890,12.291794,yes,,0.000000
35,5,5,C3v_mirror_240deg,1314.892217,339.214510,286.495610,-0.212890,0.000000,0.977076,0.977076,0.000000,0.212890,12.291794,yes,,0.000000
36,6,0,C3v_rot_0deg,1572.680157,391.468955,342.663798,-0.212890,0.000000,0.977076,0.977076,0.000000,0.212890,12.291794,yes,,0.000000
37,6,1,C3v_rot_120deg,1550.695945,404.459336,337.873763,-0.212890,0.000000,0.977076,0.977076,0.000000,0.212890,12.291794,yes,,0.000000
38,6,2,C3v_rot_240deg,1550.695945,378.478574,337.873763,-0.212890,0.000000,0.977076,0.977076,0.000000,0.212890,12.291794,yes,,0.000000
39,6,3,C3v_mirror_0deg,1572.680157,391.468955,342.663798,-0.212890,0.000000,0.977076,0.977076,0.000000,0.212890,12.291794,yes,,0.000000
40,6,4,C3v_mirror_120deg,1550.695945,378.478574,337.873763,-0.212890,0.000000,0.977076,0.977076,0.000000,0.212890,12.291794,yes,,0.000000
41,6,5,C3v_mirror_240deg,1550.695945,404.459336,337.873763,-0.212890,0.000000,0.977076,0.977076,0.000000,0.212890,12.291794,yes,,0.000000
42,7,0,C3v_rot_0deg,1808.483885,456.713781,394.041951,-0.212890,0.000000,0.977076,0.977076,0.000000,0.212890,12.291794,yes,,0.000000
43,7,1,C3v_rot_120deg,1786.499673,469.704162,389.251915,-0.212890,0.000000,0.977076,0.977076,0.000000,0.212890,12.291794,yes,,0.000000
44,7,2,C3v_rot_240deg,1786.499673,443.723400,389.251915,-0.212890,0.000000,0.977076,0.977076,0.000000,0.212890,12.291794,yes,,0.000000
45,7,3,C3v_mirror_0deg,1808.483885,456.713781,394.041951,-0.212890,0.000000,0.977076,0.977076,0.000000,0.212890,12.291794,yes,,0.000000
46,7,4,C3v_mirror_120deg,1786.499673,443.723400,389.251915,-0.212890,0.000000,0.977076,0.977076,0.000000,0.212890,12.291794,yes,,0.000000
47,7,5,C3v_mirror_240deg,1786.499673,469.704162,389.251915,-0.212890,0.000000,0.977076,0.977076,0.000000,0.212890,12.291794,yes,,0.000000
48,8,0,C3v_rot_0deg,2044.287613,521.958607,445.420103,-0.212890,0.000000,0.977076,0.977076,0.000000,0.212890,12.291794,yes,,0.000000
49,8,1,C3v_rot_120deg,2022.303401,534.948988,440.630068,-0.212890,0.000000,0.977076,0.977076,0.000000,0.212890,12.291794,yes,,0.000000
50,8,2,C3v_rot_240deg,2022.303401,508.968226,440.630068,-0.212890,0.000000,0.977076,0.977076,0.000000,0.212890,12.291794,yes,,0.000000
51,8,3,C3v_mirror_0deg,2044.287613,521.958607,445.420103,-0.212890,0.000000,0.977076,0.977076,0.000000,0.212890,12.291794,yes,,0.000000
52,8,4,C3v_mirror_120deg,2022.303401,508.968226,440.630068,-0.212890,0.000000,0.977076,0.977076,0.000000,0.212890,12.291794,yes,,0.000000
53,8,5,C3v_mirror_240deg,2022.303401,534.948988,440.630068,-0.212890,0.000000,0.977076,0.977076,0.000000,0.212890,12.291794,yes,,0.000000
54,9,0,C3v_rot_0deg,2280.091341,587.203433,496.798256,-0.212890,0.000000,0.977076,0.977076,0.000000,0.212890,12.291794,yes,,0.000000
55,9,1,C3v_rot_120deg,2258.107129,600.193814,492.008220,-0.212890,0.000000,0.977076,0.977076,0.000000,0.212890,12.291794,yes,,0.000000
56,9,2,C3v_rot_240deg,2258.107129,574.213052,492.008220,-0.212890,0.000000,0.977076,0.977076,0.000000,0.212890,12.291794,yes,,0.000000
57,9,3,C3v_mirror_0deg,2280.091341,587.203433,496.798256,-0.212890,0.000000,0.977076,0.977076,0.000000,0.212890,12.291794,yes,,0.000000
58,9,4,C3v_mirror_120deg,2258.107129,574.213052,492.008220,-0.212890,0.000000,0.977076,0.977076,0.000000,0.212890,12.291794,yes,,0.000000
59,9,5,C3v_mirror_240deg,2258.107129,600.193814,492.008220,-0.212890,0.000000,0.977076,0.977076,0.000000,0.212890,12.291794,yes,,0.000000
60,10,0,C3v_rot_0deg,2515.895069,652.448258,548.176408,-0.212890,0.000000,0.977076,0.977076,0.000000,0.212890,12.291794,yes,,0.000000
61,10,1,C3v_rot_120deg,2493.910857,665.438639,543.386373,-0.212890,0.000000,0.977076,0.977076,0.000000,0.212890,12.291794,yes,,0.000000
62,10,2,C3v_rot_240deg,2493.910857,639.457877,543.386373,-0.212890,0.000000,0.977076,0.977076,0.000000,0.212890,12.291794,yes,,0.000000
63,10,3,C3v_mirror_0deg,2515.895069,652.448258,548.176408,-0.212890,0.000000,0.977076,0.977076,0.000000,0.212890,12.291794,yes,,0.000000
64,10,4,C3v_mirror_120deg,2493.910857,639.457877,543.386373,-0.212890,0.000000,0.977076,0.977076,0.000000,0.212890,12.291794,yes,,0.000000
65,10,5,C3v_mirror_240deg,2493.910857,665.438639,543.386373,-0.212890,0.000000,0.977076,0.977076,0.000000,0.212890,12.291794,yes,,0.000000
66,11,0,C3v_rot_0deg,2751.698797,717.693084,599.554561,-0.212890,0.000000,0.977076,0.977076,0.000000,0.212890,12.291794,yes,,0.000000
67,11,1,C3v_rot_120deg,2729.714586,730.683465,594.764525,-0.212890,0.000000,0.977076,0.977076,0.000000,0.212890,12.291794,yes,,0.000000
68,11,2,C3v_rot_240deg,2729.714586,704.702703,594.764525,-0.212890,0.000000,0.977076,0.977076,0.000000,0.212890,12.291794,yes,,0.000000
69,11,3,C3v_mirror_0deg,2751.698797,717.693084,599.554561,-0.212890,0.000000,0.977076,0.977076,0.000000,0.212890,12.291794,yes,,0.000000
70,11,4,C3v_mirror_120deg,2729.714586,704.702703,594.764525,-0.212890,0.000000,0.977076,0.977076,0.000000,0.212890,12.291794,yes,,0.000000
71,11,5,C3v_mirror_240deg,2729.714586,730.683465,594.764525,-0.212890,0.000000,0.977076,0.977076,0.000000,0.212890,12.291794,yes,,0.000000
72,12,0,C3v_rot_0deg,2987.502525,782.937910,650.932713,-0.212890,0.000000,0.977076,0.977076,0.000000,0.212890,12.291794,yes,,0.000000
73,12,1,C3v_rot_120deg,2965.518314,795.928291,646.142678,-0.212890,0.000000,0.977076,0.977076,0.000000,0.212890,12.291794,yes,,0.000000
74,12,2,C3v_rot_240deg,2965.518314,769.947529,646.142678,-0.212890,0.000000,0.977076,0.977076,0.000000,0.212890,12.291794,yes,,0.000000
75,12,3,C3v_mirror_0deg,2987.502525,782.937910,650.932713,-0.212890,0.000000,0.977076,0.977076,0.000000,0.212890,12.291794,yes,,0.000000
76,12,4,C3v_mirror_120deg,2965.518314,769.947529,646.142678,-0.212890,0.000000,0.977076,0.977076,0.000000,0.212890,12.291794,yes,,0.000000
77,12,5,C3v_mirror_240deg,2965.518314,795.928291,646.142678,-0.212890,0.000000,0.977076,0.977076,0.000000,0.212890,12.291794,yes,,0.000000
78,13,0,C3v_rot_0deg,3223.306253,848.182736,702.310866,-0.212890,0.000000,0.977076,0.977076,0.000000,0.212890,12.291794,yes,,0.000000
79,13,1,C3v_rot_120deg,3201.322042,861.173117,697.520830,-0.212890,0.000000,0.977076,0.977076,0.000000,0.212890,12.291794,yes,,0.000000
80,13,2,C3v_rot_240deg,3201.322042,835.192355,697.520830,-0.212890,0.000000,0.977076,0.977076,0.000000,0.212890,12.291794,yes,,0.000000
81,13,3,C3v_mirror_0deg,3223.306253,848.182736,702.310866,-0.212890,0.000000,0.977076,0.977076,0.000000,0.212890,12.291794,yes,,0.000000
82,13,4,C3v_mirror_120deg,3201.322042,835.192355,697.520830,-0.212890,0.000000,0.977076,0.977076,0.000000,0.212890,12.291794,yes,,0.000000
83,13,5,C3v_mirror_240deg,3201.322042,861.173117,697.520830,-0.212890,0.000000,0.977076,0.977076,0.000000,0.212890,12.291794,yes,,0.000000
84,14,0,C3v_rot_0deg,3459.109981,913.427562,753.689018,-0.212890,0.000000,0.977076,0.977076,0.000000,0.212890,12.291794,yes,,0.000000
85,14,1,C3v_rot_120deg,3437.125770,926.417943,748.898983,-0.212890,0.000000,0.977076,0.977076,0.000000,0.212890,12.291794,yes,,0.000000
86,14,2,C3v_rot_240deg,3437.125770,900.437181,748.898983,-0.212890,0.000000,0.977076,0.977076,0.000000,0.212890,12.291794,yes,,0.000000
87,14,3,C3v_mirror_0deg,3459.109981,913.427562,753.689018,-0.212890,0.000000,0.977076,0.977076,0.000000,0.212890,12.291794,yes,,0.000000
88,14,4,C3v_mirror_120deg,3437.125770,900.437181,748.898983,-0.212890,0.000000,0.977076,0.977076,0.000000,0.212890,12.291794,yes,,0.000000
89,14,5,C3v_mirror_240deg,3437.125770,926.417943,748.898983,-0.212890,0.000000,0.977076,0.977076,0.000000,0.212890,12.291794,yes,,0.000000
90,15,0,C3v_rot_0deg,3694.913709,978.672388,805.067171,-0.212890,0.000000,0.977076,0.977076,0.000000,0.212890,12.291794,yes,,0.000000
91,15,1,C3v_rot_120deg,3672.929498,991.662769,800.277136,-0.212890,0.000000,0.977076,0.977076,0.000000,0.212890,12.291794,yes,,0.000000
92,15,2,C3v_rot_240deg,3672.929498,965.682007,800.277136,-0.212890,0.000000,0.977076,0.977076,0.000000,0.212890,12.291794,yes,,0.000000
93,15,3,C3v_mirror_0deg,3694.913709,978.672388,805.067171,-0.212890,0.000000,0.977076,0.977076,0.000000,0.212890,12.291794,yes,,0.000000
94,15,4,C3v_mirror_120deg,3672.929498,965.682007,800.277136,-0.212890,0.000000,0.977076,0.977076,0.000000,0.212890,12.291794,yes,,0.000000
95,15,5,C3v_mirror_240deg,3672.929498,991.662769,800.277136,-0.212890,0.000000,0.977076,0.977076,0.000000,0.212890,12.291794,yes,,0.000000
96,16,0,C3v_rot_0deg,3930.717437,1043.917213,856.445323,-0.212890,0.000000,0.977076,0.977076,0.000000,0.212890,12.291794,yes,,0.000000
97,16,1,C3v_rot_120deg,3908.733226,1056.907594,851.655288,-0.212890,0.000000,0.977076,0.977076,0.000000,0.212890,12.291794,yes,,0.000000
98,16,2,C3v_rot_240deg,3908.733226,1030.926832,851.655288,-0.212890,0.000000,0.977076,0.977076,0.000000,0.212890,12.291794,yes,,0.000000
99,16,3,C3v_mirror_0deg,3930.717437,1043.917213,856.445323,-0.212890,0.000000,0.977076,0.977076,0.000000,0.212890,12.291794,yes,,0.000000
100,16,4,C3v_mirror_120deg,3908.733226,1030.926832,851.655288,-0.212890,0.000000,0.977076,0.977076,0.000000,0.212890,12.291794,yes,,0.000000
101,16,5,C3v_mirror_240deg,3908.733226,1056.907594,851.655288,-0.212890,0.000000,0.977076,0.977076,0.000000,0.212890,12.291794,yes,,0.000000
102,17,0,C3v_rot_0deg,4166.521165,1109.162039,907.823476,-0.212890,0.000000,0.977076,0.977076,0.000000,0.212890,12.291794,yes,,0.000000
103,17,1,C3v_rot_120deg,4144.536954,1122.152420,903.033441,-0.212890,0.000000,0.977076,0.977076,0.000000,0.212890,12.291794,yes,,0.000000
104,17,2,C3v_rot_240deg,4144.536954,1096.171658,903.033441,-0.212890,0.000000,0.977076,0.977076,0.000000,0.212890,12.291794,yes,,0.000000
105,17,3,C3v_mirror_0deg,4166.521165,1109.162039,907.823476,-0.212890,0.000000,0.977076,0.977076,0.000000,0.212890,12.291794,yes,,0.000000
106,17,4,C3v_mirror_120deg,4144.536954,1096.171658,903.033441,-0.212890,0.000000,0.977076,0.977076,0.000000,0.212890,12.291794,yes,,0.000000
107,17,5,C3v_mirror_240deg,4144.536954,1122.152420,903.033441,-0.212890,0.000000,0.977076,0.977076,0.000000,0.212890,12.291794,yes,,0.000000
108,18,0,C3v_rot_0deg,4402.324893,1174.406865,959.201628,-0.212890,0.000000,0.977076,0.977076,0.000000,0.212890,12.291794,yes,,0.000000
109,18,1,C3v_rot_120deg,4380.340682,1187.397246,954.411593,-0.212890,0.000000,0.977076,0.977076,0.000000,0.212890,12.291794,yes,,0.000000
110,18,2,C3v_rot_240deg,4380.340682,1161.416484,954.411593,-0.212890,0.000000,0.977076,0.977076,0.000000,0.212890,12.291794,yes,,0.000000
111,18,3,C3v_mirror_0deg,4402.324893,1174.406865,959.201628,-0.212890,0.000000,0.977076,0.977076,0.000000,0.212890,12.291794,yes,,0.000000
112,18,4,C3v_mirror_120deg,4380.340682,1161.416484,954.411593,-0.212890,0.000000,0.977076,0.977076,0.000000,0.212890,12.291794,yes,,0.000000
113,18,5,C3v_mirror_240deg,4380.340682,1187.397246,954.411593,-0.212890,0.000000,0.977076,0.977076,0.000000,0.212890,12.291794,yes,,0.000000
114,19,0,C3v_rot_0deg,4638.128621,1239.651691,1010.579781,-0.212890,0.000000,0.977076,0.977076,0.000000,0.212890,12.291794,yes,,0.000000
115,19,1,C3v_rot_120deg,4616.144410,1252.642072,1005.789746,-0.212890,0.000000,0.977076,0.977076,0.000000,0.212890,12.291794,yes,,0.000000
116,19,2,C3v_rot_240deg,4616.144410,1226.661310,1005.789746,-0.212890,0.000000,0.977076,0.977076,0.000000,0.212890,12.291794,yes,,0.000000
117,19,3,C3v_mirror_0deg,4638.128621,1239.651691,1010.579781,-0.212890,0.000000,0.977076,0.977076,0.000000,0.212890,12.291794,yes,,0.000000
118,19,4,C3v_mirror_120deg,4616.144410,1226.661310,1005.789746,-0.212890,0.000000,0.977076,0.977076,0.000000,0.212890,12.291794,yes,,0.000000
119,19,5,C3v_mirror_240deg,4616.144410,1252.642072,1005.789746,-0.212890,0.000000,0.977076,0.977076,0.000000,0.212890,12.291794,yes,,0.000000
120,20,0,C3v_rot_0deg,4873.932349,1304.896517,1061.957934,-0.212890,0.000000,0.977076,0.977076,0.000000,0.212890,12.291794,yes,,0.000000
121,20,1,C3v_rot_120deg,4851.948138,1317.886898,1057.167898,-0.212890,0.000000,0.977076,0.977076,0.000000,0.212890,12.291794,yes,,0.000000
122,20,2,C3v_rot_240deg,4851.948138,1291.906136,1057.167898,-0.212890,0.000000,0.977076,0.977076,0.000000,0.212890,12.291794,yes,,0.000000
123,20,3,C3v_mirror_0deg,4873.932349,1304.896517,1061.957934,-0.212890,0.000000,0.977076,0.977076,0.000000,0.212890,12.291794,yes,,0.000000
124,20,4,C3v_mirror_120deg,4851.948138,1291.906136,1057.167898,-0.212890,0.000000,0.977076,0.977076,0.000000,0.212890,12.291794,yes,,0.000000
125,20,5,C3v_mirror_240deg,4851.948138,1317.886898,1057.167898,-0.212890,0.000000,0.977076,0.977076,0.000000,0.212890,12.291794,yes,,0.000000
126,21,0,C3v_rot_0deg,5109.736077,1370.141343,1113.336086,-0.212890,0.000000,0.977076,0.977076,0.000000,0.212890,12.291794,yes,,0.000000
127,21,1,C3v_rot_120deg,5087.751866,1383.131724,1108.546051,-0.212890,0.000000,0.977076,0.977076,0.000000,0.212890,12.291794,yes,,0.000000
128,21,2,C3v_rot_240deg,5087.751866,1357.150962,1108.546051,-0.212890,0.000000,0.977076,0.977076,0.000000,0.212890,12.291794,yes,,0.000000
129,21,3,C3v_mirror_0deg,5109.736077,1370.141343,1113.336086,-0.212890,0.000000,0.977076,0.977076,0.000000,0.212890,12.291794,yes,,0.000000
130,21,4,C3v_mirror_120deg,5087.751866,1357.150962,1108.546051,-0.212890,0.000000,0.977076,0.977076,0.000000,0.212890,12.291794,yes,,0.000000
131,21,5,C3v_mirror_240deg,5087.751866,1383.131724,1108.546051,-0.212890,0.000000,0.977076,0.977076,0.000000,0.212890,12.291794,yes,,0.000000
132,22,0,C3v_rot_0deg,5345.539805,1435.386168,1164.714239,-0.212890,0.000000,0.977076,0.977076,0.000000,0.212890,12.291794,yes,,0.000000
133,22,1,C3v_rot_120deg,5323.555594,1448.376550,1159.924203,-0.212890,0.000000,0.977076,0.977076,0.000000,0.212890,12.291794,yes,,0.000000
134,22,2,C3v_rot_240deg,5323.555594,1422.395787,1159.924203,-0.212890,0.000000,0.977076,0.977076,0.000000,0.212890,12.291794,yes,,0.000000
135,22,3,C3v_mirror_0deg,5345.539805,1435.386168,1164.714239,-0.212890,0.000000,0.977076,0.977076,0.000000,0.212890,12.291794,yes,,0.000000
136,22,4,C3v_mirror_120deg,5323.555594,1422.395787,1159.924203,-0.212890,0.000000,0.977076,0.977076,0.000000,0.212890,12.291794,yes,,0.000000
137,22,5,C3v_mirror_240deg,5323.555594,1448.376550,1159.924203,-0.212890,0.000000,0.977076,0.977076,0.000000,0.212890,12.291794,yes,,0.000000
138,23,0,C3v_rot_0deg,5581.343533,1500.630994,1216.092391,-0.212890,0.000000,0.977076,0.977076,0.000000,0.212890,12.291794,yes,,0.000000
139,23,1,C3v_rot_120deg,5559.359322,1513.621375,1211.302356,-0.212890,0.000000,0.977076,0.977076,0.000000,0.212890,12.291794,yes,,0.000000
140,23,2,C3v_rot_240deg,5559.359322,1487.640613,1211.302356,-0.212890,0.000000,0.977076,0.977076,0.000000,0.212890,12.291794,yes,,0.000000
141,23,3,C3v_mirror_0deg,5581.343533,1500.630994,1216.092391,-0.212890,0.000000,0.977076,0.977076,0.000000,0.212890,12.291794,yes,,0.000000
142,23,4,C3v_mirror_120deg,5559.359322,1487.640613,1211.302356,-0.212890,0.000000,0.977076,0.977076,0.000000,0.212890,12.291794,yes,,0.000000
143,23,5,C3v_mirror_240deg,5559.359322,1513.621375,1211.302356,-0.212890,0.000000,0.977076,0.977076,0.000000,0.212890,12.291794,yes,,0.000000
144,24,0,C3v_rot_0deg,5817.147261,1565.875820,1267.470544,-0.212890,0.000000,0.977076,0.977076,0.000000,0.212890,12.291794,yes,,0.000000
145,24,1,C3v_rot_120deg,5795.163050,1578.866201,1262.680508,-0.212890,0.000000,0.977076,0.977076,0.000000,0.212890,12.291794,yes,,0.000000
146,24,2,C3v_rot_240deg,5795.163050,1552.885439,1262.680508,-0.212890,0.000000,0.977076,0.977076,0.000000,0.212890,12.291794,yes,,0.000000
147,24,3,C3v_mirror_0deg,5817.147261,1565.875820,1267.470544,-0.212890,0.000000,0.977076,0.977076,0.000000,0.212890,12.291794,yes,,0.000000
148,24,4,C3v_mirror_120deg,5795.163050,1552.885439,1262.680508,-0.212890,0.000000,0.977076,0.977076,0.000000,0.212890,12.291794,yes,,0.000000
149,24,5,C3v_mirror_240deg,5795.163050,1578.866201,1262.680508,-0.212890,0.000000,0.977076,0.977076,0.000000,0.212890,12.291794,yes,,0.000000
150,25,0,C3v_rot_0deg,6052.950989,1631.120646,1318.848696,-0.212890,0.000000,0.977076,0.977076,0.000000,0.212890,12.291794,yes,,0.000000
151,25,1,C3v_rot_120deg,6030.966778,1644.111027,1314.058661,-0.212890,0.000000,0.977076,0.977076,0.000000,0.212890,12.291794,yes,,0.000000
152,25,2,C3v_rot_240deg,6030.966778,1618.130265,1314.058661,-0.212890,0.000000,0.977076,0.977076,0.000000,0.212890,12.291794,yes,,0.000000
153,25,3,C3v_mirror_0deg,6052.950989,1631.120646,1318.848696,-0.212890,0.000000,0.977076,0.977076,0.000000,0.212890,12.291794,yes,,0.000000
154,25,4,C3v_mirror_120deg,6030.966778,1618.130265,1314.058661,-0.212890,0.000000,0.977076,0.977076,0.000000,0.212890,12.291794,yes,,0.000000
155,25,5,C3v_mirror_240deg,6030.966778,1644.111027,1314.058661,-0.212890,0.000000,0.977076,0.977076,0.000000,0.212890,12.291794,yes,,0.000000
156,26,0,C3v_rot_0deg,6288.754717,1696.365472,1370.226849,-0.212890,0.000000,0.977076,0.977076,0.000000,0.212890,12.291794,yes,,0.000000
157,26,1,C3v_rot_120deg,6266.770506,1709.355853,1365.436814,-0.212890,0.000000,0.977076,0.977076,0.000000,0.212890,12.291794,yes,,0.000000
158,26,2,C3v_rot_240deg,6266.770506,1683.375091,1365.436814,-0.212890,0.000000,0.977076,0.977076,0.000000,0.212890,12.291794,yes,,0.000000
159,26,3,C3v_mirror_0deg,6288.754717,1696.365472,1370.226849,-0.212890,0.000000,0.977076,0.977076,0.000000,0.212890,12.291794,yes,,0.000000
160,26,4,C3v_mirror_120deg,6266.770506,1683.375091,1365.436814,-0.212890,0.000000,0.977076,0.977076,0.000000,0.212890,12.291794,yes,,0.000000
161,26,5,C3v_mirror_240deg,6266.770506,1709.355853,1365.436814,-0.212890,0.000000,0.977076,0.977076,0.000000,0.212890,12.291794,yes,,0.000000
162,27,0,C3v_rot_0deg,6524.558445,1761.610298,1421.605001,-0.212890,0.000000,0.977076,0.977076,0.000000,0.212890,12.291794,yes,,0.000000
163,27,1,C3v_rot_120deg,6502.574234,1774.600679,1416.814966,-0.212890,0.000000,0.977076,0.977076,0.000000,0.212890,12.291794,yes,,0.000000
164,27,2,C3v_rot_240deg,6502.574234,1748.619917,1416.814966,-0.212890,0.000000,0.977076,0.977076,0.000000,0.212890,12.291794,yes,,0.000000
165,27,3,C3v_mirror_0deg,6524.558445,1761.610298,1421.605001,-0.212890,0.000000,0.977076,0.977076,0.000000,0.212890,12.291794,yes,,0.000000
166,27,4,C3v_mirror_120deg,6502.574234,1748.619917,1416.814966,-0.212890,0.000000,0.977076,0.977076,0.000000,0.212890,12.291794,yes,,0.000000
167,27,5,C3v_mirror_240deg,6502.574234,1774.600679,1416.814966,-0.212890,0.000000,0.977076,0.977076,0.000000,0.212890,12.291794,yes,,0.000000
168,28,0,C3v_rot_0deg,6760.362173,1826.855124,1472.983154,-0.212890,0.000000,0.977076,0.977076,0.000000,0.212890,12.291794,yes,,0.000000
169,28,1,C3v_rot_120deg,6738.377962,1839.845505,1468.193119,-0.212890,0.000000,0.977076,0.977076,0.000000,0.212890,12.291794,yes,,0.000000
170,28,2,C3v_rot_240deg,6738.377962,1813.864742,1468.193119,-0.212890,0.000000,0.977076,0.977076,0.000000,0.212890,12.291794,yes,,0.000000
171,28,3,C3v_mirror_0deg,6760.362173,1826.855124,1472.983154,-0.212890,0.000000,0.977076,0.977076,0.000000,0.212890,12.291794,yes,,0.000000
172,28,4,C3v_mirror_120deg,6738.377962,1813.864742,1468.193119,-0.212890,0.000000,0.977076,0.977076,0.000000,0.212890,12.291794,yes,,0.000000
173,28,5,C3v_mirror_240deg,6738.377962,1839.845505,1468.193119,-0.212890,0.000000,0.977076,0.977076,0.000000,0.212890,12.291794,yes,,0.000000
174,29,0,C3v_rot_0deg,6996.165901,1892.099949,1524.361306,-0.212890,0.000000,0.977076,0.977076,0.000000,0.212890,12.291794,yes,,0.000000
175,29,1,C3v_rot_120deg,6974.181690,1905.090330,1519.571271,-0.212890,0.000000,0.977076,0.977076,0.000000,0.212890,12.291794,yes,,0.000000
176,29,2,C3v_rot_240deg,6974.181690,1879.109568,1519.571271,-0.212890,0.000000,0.977076,0.977076,0.000000,0.212890,12.291794,yes,,0.000000
177,29,3,C3v_mirror_0deg,6996.165901,1892.099949,1524.361306,-0.212890,0.000000,0.977076,0.977076,0.000000,0.212890,12.291794,yes,,0.000000
178,29,4,C3v_mirror_120deg,6974.181690,1879.109568,1519.571271,-0.212890,0.000000,0.977076,0.977076,0.000000,0.212890,12.291794,yes,,0.000000
179,29,5,C3v_mirror_240deg,6974.181690,1905.090330,1519.571271,-0.212890,0.000000,0.977076,0.977076,0.000000,0.212890,12.291794,yes,,0.000000
180,30,0,C3v_rot_0deg,7231.969629,1957.344775,1575.739459,-0.212890,0.000000,0.977076,0.977076,0.000000,0.212890,12.291794,yes,,0.000000
181,30,1,C3v_rot_120deg,7209.985418,1970.335156,1570.949424,-0.212890,0.000000,0.977076,0.977076,0.000000,0.212890,12.291794,yes,,0.000000
182,30,2,C3v_rot_240deg,7209.985418,1944.354394,1570.949424,-0.212890,0.000000,0.977076,0.977076,0.000000,0.212890,12.291794,yes,,0.000000
183,30,3,C3v_mirror_0deg,7231.969629,1957.344775,1575.739459,-0.212890,0.000000,0.977076,0.977076,0.000000,0.212890,12.291794,yes,,0.000000
184,30,4,C3v_mirror_120deg,7209.985418,1944.354394,1570.949424,-0.212890,0.000000,0.977076,0.977076,0.000000,0.212890,12.291794,yes,,0.000000
185,30,5,C3v_mirror_240deg,7209.985418,1970.335156,1570.949424,-0.212890,0.000000,0.977076,0.977076,0.000000,0.212890,12.291794,yes,,0.000000
186,31,0,C3v_rot_0deg,7467.773357,2022.589601,1627.117612,-0.212890,0.000000,0.977076,0.977076,0.000000,0.212890,12.291794,yes,,0.000000
187,31,1,C3v_rot_120deg,7445.789146,2035.579982,1622.327576,-0.212890,0.000000,0.977076,0.977076,0.000000,0.212890,12.291794,yes,,0.000000
188,31,2,C3v_rot_240deg,7445.789146,2009.599220,1622.327576,-0.212890,0.000000,0.977076,0.977076,0.000000,0.212890,12.291794,yes,,0.000000
189,31,3,C3v_mirror_0deg,7467.773357,2022.589601,1627.117612,-0.212890,0.000000,0.977076,0.977076,0.000000,0.212890,12.291794,yes,,0.000000
190,31,4,C3v_mirror_120deg,7445.789146,2009.599220,1622.327576,-0.212890,0.000000,0.977076,0.977076,0.000000,0.212890,12.291794,yes,,0.000000
191,31,5,C3v_mirror_240deg,7445.789146,2035.579982,1622.327576,-0.212890,0.000000,0.977076,0.977076,0.000000,0.212890,12.291794,yes,,0.000000
192,32,0,C3v_rot_0deg,7703.577085,2087.834427,1678.495764,-0.212890,0.000000,0.977076,0.977076,0.000000,0.212890,12.291794,yes,,0.000000
193,32,1,C3v_rot_120deg,7681.592874,2100.824808,1673.705729,-0.212890,0.000000,0.977076,0.977076,0.000000,0.212890,12.291794,yes,,0.000000
194,32,2,C3v_rot_240deg,7681.592874,2074.844046,1673.705729,-0.212890,0.000000,0.977076,0.977076,0.000000,0.212890,12.291794,yes,,0.000000
195,32,3,C3v_mirror_0deg,7703.577085,2087.834427,1678.495764,-0.212890,0.000000,0.977076,0.977076,0.000000,0.212890,12.291794,yes,,0.000000
196,32,4,C3v_mirror_120deg,7681.592874,2074.844046,1673.705729,-0.212890,0.000000,0.977076,0.977076,0.000000,0.212890,12.291794,yes,,0.000000
197,32,5,C3v_mirror_240deg,7681.592874,2100.824808,1673.705729,-0.212890,0.000000,0.977076,0.977076,0.000000,0.212890,12.291794,yes,,0.000000
198,33,0,C3v_rot_0deg,7939.380813,2153.079253,1729.873917,-0.212890,0.000000,0.977076,0.977076,0.000000,0.212890,12.291794,yes,,0.000000
199,33,1,C3v_rot_120deg,7917.396602,2166.069634,1725.083881,-0.212890,0.000000,0.977076,0.977076,0.000000,0.212890,12.291794,yes,,0.000000
200,33,2,C3v_rot_240deg,7917.396602,2140.088872,1725.083881,-0.212890,0.000000,0.977076,0.977076,0.000000,0.212890,12.291794,yes,,0.000000
201,33,3,C3v_mirror_0deg,7939.380813,2153.079253,1729.873917,-0.212890,0.000000,0.977076,0.977076,0.000000,0.212890,12.291794,yes,,0.000000
202,33,4,C3v_mirror_120deg,7917.396602,2140.088872,1725.083881,-0.212890,0.000000,0.977076,0.977076,0.000000,0.212890,12.291794,yes,,0.000000
203,33,5,C3v_mirror_240deg,7917.396602,2166.069634,1725.083881,-0.212890,0.000000,0.977076,0.977076,0.000000,0.212890,12.291794,yes,,0.000000
204,34,0,C3v_rot_0deg,8175.184541,2218.324079,1781.252069,-0.212890,0.000000,0.977076,0.977076,0.000000,0.212890,12.291794,yes,,0.000000
205,34,1,C3v_rot_120deg,8153.200330,2231.314460,1776.462034,-0.212890,0.000000,0.977076,0.977076,0.000000,0.212890,12.291794,yes,,0.000000
206,34,2,C3v_rot_240deg,8153.200330,2205.333698,1776.462034,-0.212890,0.000000,0.977076,0.977076,0.000000,0.212890,12.291794,yes,,0.000000
207,34,3,C3v_mirror_0deg,8175.184541,2218.324079,1781.252069,-0.212890,0.000000,0.977076,0.977076,0.000000,0.212890,12.291794,yes,,0.000000
208,34,4,C3v_mirror_120deg,8153.200330,2205.333698,1776.462034,-0.212890,0.000000,0.977076,0.977076,0.000000,0.212890,12.291794,yes,,0.000000
209,34,5,C3v_mirror_240deg,8153.200330,2231.314460,1776.462034,-0.212890,0.000000,0.977076,0.977076,0.000000,0.212890,12.291794,yes,,0.000000
210,35,0,C3v_rot_0deg,8410.988269,2283.568904,1832.630222,-0.212890,0.000000,0.977076,0.977076,0.000000,0.212890,12.291794,yes,,0.000000
211,35,1,C3v_rot_120deg,8389.004058,2296.559285,1827.840186,-0.212890,0.000000,0.977076,0.977076,0.000000,0.212890,12.291794,yes,,0.000000
212,35,2,C3v_rot_240deg,8389.004058,2270.578523,1827.840186,-0.212890,0.000000,0.977076,0.977076,0.000000,0.212890,12.291794,yes,,0.000000
213,35,3,C3v_mirror_0deg,8410.988269,2283.568904,1832.630222,-0.212890,0.000000,0.977076,0.977076,0.000000,0.212890,12.291794,yes,,0.000000
214,35,4,C3v_mirror_120deg,8389.004058,2270.578523,1827.840186,-0.212890,0.000000,0.977076,0.977076,0.000000,0.212890,12.291794,yes,,0.000000
215,35,5,C3v_mirror_240deg,8389.004058,2296.559285,1827.840186,-0.212890,0.000000,0.977076,0.977076,0.000000,0.212890,12.291794,yes,,0.000000
216,36,0,C3v_rot_0deg,8646.791997,2348.813730,1884.008374,-0.212890,0.000000,0.977076,0.977076,0.000000,0.212890,12.291794,yes,,0.000000
217,36,1,C3v_rot_120deg,8624.807786,2361.804111,1879.218339,-0.212890,0.000000,0.977076,0.977076,0.000000,0.212890,12.291794,yes,,0.000000
218,36,2,C3v_rot_240deg,8624.807786,2335.823349,1879.218339,-0.212890,0.000000,0.977076,0.977076,0.000000,0.212890,12.291794,yes,,0.000000
219,36,3,C3v_mirror_0deg,8646.791997,2348.813730,1884.008374,-0.212890,0.000000,0.977076,0.977076,0.000000,0.212890,12.291794,yes,,0.000000
220,36,4,C3v_mirror_120deg,8624.807786,2335.823349,1879.218339,-0.212890,0.000000,0.977076,0.977076,0.000000,0.212890,12.291794,yes,,0.000000
221,36,5,C3v_mirror_240deg,8624.807786,2361.804111,1879.218339,-0.212890,0.000000,0.977076,0.977076,0.000000,0.212890,12.291794,yes,,0.000000
222,37,0,C3v_rot_0deg,8882.595725,2414.058556,1935.386527,-0.212890,0.000000,0.977076,0.977076,0.000000,0.212890,12.291794,yes,,0.000000
223,37,1,C3v_rot_120deg,8860.611514,2427.048937,1930.596491,-0.212890,0.000000,0.977076,0.977076,0.000000,0.212890,12.291794,yes,,0.000000
224,37,2,C3v_rot_240deg,8860.611514,2401.068175,1930.596491,-0.212890,0.000000,0.977076,0.977076,0.000000,0.212890,12.291794,yes,,0.000000
225,37,3,C3v_mirror_0deg,8882.595725,2414.058556,1935.386527,-0.212890,0.000000,0.977076,0.977076,0.000000,0.212890,12.291794,yes,,0.000000
226,37,4,C3v_mirror_120deg,8860.611514,2401.068175,1930.596491,-0.212890,0.000000,0.977076,0.977076,0.000000,0.212890,12.291794,yes,,0.000000
227,37,5,C3v_mirror_240deg,8860.611514,2427.048937,1930.596491,-0.212890,0.000000,0.977076,0.977076,0.000000,0.212890,12.291794,yes,,0.000000
228,38,0,C3v_rot_0deg,9118.399453,2479.303382,1986.764679,-0.212890,0.000000,0.977076,0.977076,0.000000,0.212890,12.291794,yes,,0.000000
229,38,1,C3v_rot_120deg,9096.415242,2492.293763,1981.974644,-0.212890,0.000000,0.977076,0.977076,0.000000,0.212890,12.291794,yes,,0.000000
230,38,2,C3v_rot_240deg,9096.415242,2466.313001,1981.974644,-0.212890,0.000000,0.977076,0.977076,0.000000,0.212890,12.291794,yes,,0.000000
231,38,3,C3v_mirror_0deg,9118.399453,2479.303382,1986.764679,-0.212890,0.000000,0.977076,0.977076,0.000000,0.212890,12.291794,yes,,0.000000
232,38,4,C3v_mirror_120deg,9096.415242,2466.313001,1981.974644,-0.212890,0.000000,0.977076,0.977076,0.000000,0.212890,12.291794,yes,,0.000000
233,38,5,C3v_mirror_240deg,9096.415242,2492.293763,1981.974644,-0.212890,0.000000,0.977076,0.977076,0.000000,0.212890,12.291794,yes,,0.000000
234,39,0,C3v_rot_0deg,9354.203181,2544.548208,2038.142832,-0.212890,0.000000,0.977076,0.977076,0.000000,0.212890,12.291794,yes,,0.000000
235,39,1,C3v_rot_120deg,9332.218970,2557.538589,2033.352797,-0.212890,0.000000,0.977076,0.977076,0.000000,0.212890,12.291794,yes,,0.000000
236,39,2,C3v_rot_240deg,9332.218970,2531.557827,2033.352797,-0.212890,0.000000,0.977076,0.977076,0.000000,0.212890,12.291794,yes,,0.000000
237,39,3,C3v_mirror_0deg,9354.203181,2544.548208,2038.142832,-0.212890,0.000000,0.977076,0.977076,0.000000,0.212890,12.291794,yes,,0.000000
238,39,4,C3v_mirror_120deg,9332.218970,2531.557827,2033.352797,-0.212890,0.000000,0.977076,0.977076,0.000000,0.212890,12.291794,yes,,0.000000
239,39,5,C3v_mirror_240deg,9332.218970,2557.538589,2033.352797,-0.212890,0.000000,0.977076,0.977076,0.000000,0.212890,12.291794,yes,,0.000000
240,40,0,C3v_rot_0deg,9590.006909,2609.793034,2089.520984,-0.212890,0.000000,0.977076,0.977076,0.000000,0.212890,12.291794,yes,,0.000000
241,40,1,C3v_rot_120deg,9568.022698,2622.783415,2084.730949,-0.212890,0.000000,0.977076,0.977076,0.000000,0.212890,12.291794,yes,,0.000000
242,40,2,C3v_rot_240deg,9568.022698,2596.802653,2084.730949,-0.212890,0.000000,0.977076,0.977076,0.000000,0.212890,12.291794,yes,,0.000000
243,40,3,C3v_mirror_0deg,9590.006909,2609.793034,2089.520984,-0.212890,0.000000,0.977076,0.977076,0.000000,0.212890,12.291794,yes,,0.000000
244,40,4,C3v_mirror_120deg,9568.022698,2596.802653,2084.730949,-0.212890,0.000000,0.977076,0.977076,0.000000,0.212890,12.291794,yes,,0.000000
245,40,5,C3v_mirror_240deg,9568.022698,2622.783415,2084.730949,-0.212890,0.000000,0.977076,0.977076,0.000000,0.212890,12.291794,yes,,0.000000
246,41,0,C3v_rot_0deg,9825.810637,2675.037859,2140.899137,-0.212890,0.000000,0.977076,0.977076,0.000000,0.212890,12.291794,yes,,0.000000
247,41,1,C3v_rot_120deg,9803.826426,2688.028241,2136.109102,-0.212890,0.000000,0.977076,0.977076,0.000000,0.212890,12.291794,yes,,0.000000
248,41,2,C3v_rot_240deg,9803.826426,2662.047478,2136.109102,-0.212890,0.000000,0.977076,0.977076,0.000000,0.212890,12.291794,yes,,0.000000
249,41,3,C3v_mirror_0deg,9825.810637,2675.037859,2140.899137,-0.212890,0.000000,0.977076,0.977076,0.000000,0.212890,12.291794,yes,,0.000000
250,41,4,C3v_mirror_120deg,9803.826426,2662.047478,2136.109102,-0.212890,0.000000,0.977076,0.977076,0.000000,0.212890,12.291794,yes,,0.000000
251,41,5,C3v_mirror_240deg,9803.826426,2688.028241,2136.109102,-0.212890,0.000000,0.977076,0.977076,0.000000,0.212890,12.291794,yes,,0.000000
252,42,0,C3v_rot_0deg,10061.614365,2740.282685,2192.277289,-0.212890,0.000000,0.977076,0.977076,0.000000,0.212890,12.291794,yes,,0.000000
253,42,1,C3v_rot_120deg,10039.630154,2753.273066,2187.487254,-0.212890,0.000000,0.977076,0.977076,0.000000,0.212890,12.291794,yes,,0.000000
254,42,2,C3v_rot_240deg,10039.630154,2727.292304,2187.487254,-0.212890,0.000000,0.977076,0.977076,0.000000,0.212890,12.291794,yes,,0.000000
255,42,3,C3v_mirror_0deg,10061.614365,2740.282685,2192.277289,-0.212890,0.000000,0.977076,0.977076,0.000000,0.212890,12.291794,yes,,0.000000
256,42,4,C3v_mirror_120deg,10039.630154,2727.292304,2187.487254,-0.212890,0.000000,0.977076,0.977076,0.000000,0.212890,12.291794,yes,,0.000000
257,42,5,C3v_mirror_240deg,10039.630154,2753.273066,2187.487254,-0.212890,0.000000,0.977076,0.977076,0.000000,0.212890,12.291794,yes,,0.000000
258,43,0,C3v_rot_0deg,10297.418093,2805.527511,2243.655442,-0.212890,0.000000,0.977076,0.977076,0.000000,0.212890,12.291794,yes,,0.000000
259,43,1,C3v_rot_120deg,10275.433882,2818.517892,2238.865407,-0.212890,0.000000,0.977076,0.977076,0.000000,0.212890,12.291794,yes,,0.000000
260,43,2,C3v_rot_240deg,10275.433882,2792.537130,2238.865407,-0.212890,0.000000,0.977076,0.977076,0.000000,0.212890,12.291794,yes,,0.000000
261,43,3,C3v_mirror_0deg,10297.418093,2805.527511,2243.655442,-0.212890,0.000000,0.977076,0.977076,0.000000,0.212890,12.291794,yes,,0.000000
262,43,4,C3v_mirror_120deg,10275.433882,2792.537130,2238.865407,-0.212890,0.000000,0.977076,0.977076,0.000000,0.212890,12.291794,yes,,0.000000
263,43,5,C3v_mirror_240deg,10275.433882,2818.517892,2238.865407,-0.212890,0.000000,0.977076,0.977076,0.000000,0.212890,12.291794,yes,,0.000000
264,44,0,C3v_rot_0deg,10533.221821,2870.772337,2295.033595,-0.212890,0.000000,0.977076,0.977076,0.000000,0.212890,12.291794,yes,,0.000000
265,44,1,C3v_rot_120deg,10511.237610,2883.762718,2290.243559,-0.212890,0.000000,0.977076,0.977076,0.000000,0.212890,12.291794,yes,,0.000000
266,44,2,C3v_rot_240deg,10511.237610,2857.781956,2290.243559,-0.212890,0.000000,0.977076,0.977076,0.000000,0.212890,12.291794,yes,,0.000000
267,44,3,C3v_mirror_0deg,10533.221821,2870.772337,2295.033595,-0.212890,0.000000,0.977076,0.977076,0.000000,0.212890,12.291794,yes,,0.000000
268,44,4,C3v_mirror_120deg,10511.237610,2857.781956,2290.243559,-0.212890,0.000000,0.977076,0.977076,0.000000,0.212890,12.291794,yes,,0.000000
269,44,5,C3v_mirror_240deg,10511.237610,2883.762718,2290.243559,-0.212890,0.000000,0.977076,0.977076,0.000000,0.212890,12.291794,yes,,0.000000
270,45,0,C3v_rot_0deg,10769.025549,2936.017163,2346.411747,-0.212890,0.000000,0.977076,0.977076,0.000000,0.212890,12.291794,yes,,0.000000
271,45,1,C3v_rot_120deg,10747.041338,2949.007544,2341.621712,-0.212890,0.000000,0.977076,0.977076,0.000000,0.212890,12.291794,yes,,0.000000
272,45,2,C3v_rot_240deg,10747.041338,2923.026782,2341.621712,-0.212890,0.000000,0.977076,0.977076,0.000000,0.212890,12.291794,yes,,0.000000
273,45,3,C3v_mirror_0deg,10769.025549,2936.017163,2346.411747,-0.212890,0.000000,0.977076,0.977076,0.000000,0.212890,12.291794,yes,,0.000000
274,45,4,C3v_mirror_120deg,10747.041338,2923.026782,2341.621712,-0.212890,0.000000,0.977076,0.977076,0.000000,0.212890,12.291794,yes,,0.000000
275,45,5,C3v_mirror_240deg,10747.041338,2949.007544,2341.621712,-0.212890,0.000000,0.977076,0.977076,0.000000,0.212890,12.291794,yes,,0.000000
276,46,0,C3v_rot_0deg,11004.829277,3001.261989,2397.789900,-0.212890,0.000000,0.977076,0.977076,0.000000,0.212890,12.291794,yes,,0.000000
277,46,1,C3v_rot_120deg,10982.845066,3014.252370,2392.999864,-0.212890,0.000000,0.977076,0.977076,0.000000,0.212890,12.291794,yes,,0.000000
278,46,2,C3v_rot_240deg,10982.845066,2988.271608,2392.999864,-0.212890,0.000000,0.977076,0.977076,0.000000,0.212890,12.291794,yes,,0.000000
279,46,3,C3v_mirror_0deg,11004.829277,3001.261989,2397.789900,-0.212890,0.000000,0.977076,0.977076,0.000000,0.212890,12.291794,yes,,0.000000
280,46,4,C3v_mirror_120deg,10982.845066,2988.271608,2392.999864,-0.212890,0.000000,0.977076,0.977076,0.000000,0.212890,12.291794,yes,,0.000000
281,46,5,C3v_mirror_240deg,10982.845066,3014.252370,2392.999864,-0.212890,0.000000,0.977076,0.977076,0.000000,0.212890,12.291794,yes,,0.000000
282,47,0,C3v_rot_0deg,11105.908828,3029.228993,2419.799250,-0.211058,0.000000,0.977474,0.977474,0.000000,0.211058,12.184365,yes,,0.000000
283,47,1,C3v_rot_120deg,11083.921648,3042.219375,2415.022960,-0.212890,0.000000,0.977076,0.977076,0.000000,0.212890,12.291794,yes,,0.000000
284,47,2,C3v_rot_240deg,11083.921648,3016.238612,2415.022960,-0.212890,0.000000,0.977076,0.977076,0.000000,0.212890,12.291794,yes,,0.000000
285,47,3,C3v_mirror_0deg,11105.908828,3029.228993,2419.799250,-0.211058,0.000000,0.977474,0.977474,0.000000,0.211058,12.184365,yes,,0.000000
286,47,4,C3v_mirror_120deg,11083.921648,3016.238612,2415.022960,-0.212890,0.000000,0.977076,0.977076,0.000000,0.212890,12.291794,yes,,0.000000
287,47,5,C3v_mirror_240deg,11083.921648,3042.219375,2415.022960,-0.212890,0.000000,0.977076,0.977076,0.000000,0.212890,12.291794,yes,,0.000000
288,48,0,C3v_rot_0deg,11346.934239,3074.843993,2467.979019,-0.180930,0.000000,0.983496,0.983496,0.000000,0.180930,10.423928,yes,,0.014062
289,48,1,C3v_rot_120deg,11324.811353,3087.834374,2463.876987,-0.183695,0.000000,0.982983,0.982983,0.000000,0.183695,10.585072,yes,,0.003516
290,48,2,C3v_rot_240deg,11324.811353,3061.853612,2463.876987,-0.183695,0.000000,0.982983,0.982983,0.000000,0.183695,10.585072,yes,,0.003516
291,48,3,C3v_mirror_0deg,11346.934239,3074.843993,2467.979019,-0.180930,0.000000,0.983496,0.983496,0.000000,0.180930,10.423928,yes,,0.014062
292,48,4,C3v_mirror_120deg,11324.811353,3061.853612,2463.876987,-0.183695,0.000000,0.982983,0.982983,0.000000,0.183695,10.585072,yes,,0.003516
293,48,5,C3v_mirror_240deg,11324.811353,3087.834374,2463.876987,-0.183695,0.000000,0.982983,0.982983,0.000000,0.183695,10.585072,yes,,0.003516
294,49,0,C3v_rot_0deg,11589.417378,3119.958803,2508.745529,-0.150620,0.000000,0.988592,0.988592,0.000000,0.150620,8.662829,yes,,0.014062
295,49,1,C3v_rot_120deg,11567.178877,3132.949184,2505.325318,-0.153399,0.000000,0.988164,0.988164,0.000000,0.153399,8.823973,yes,,0.003516
296,49,2,C3v_rot_240deg,11567.178877,3106.968422,2505.325318,-0.153399,0.000000,0.988164,0.988164,0.000000,0.153399,8.823973,yes,,0.003516
297,49,3,C3v_mirror_0deg,11589.417378,3119.958803,2508.745529,-0.150620,0.000000,0.988592,0.988592,0.000000,0.150620,8.662829,yes,,0.014062
298,49,4,C3v_mirror_120deg,11567.178877,3106.968422,2505.325318,-0.153399,0.000000,0.988164,0.988164,0.000000,0.153399,8.823973,yes,,0.003516
299,49,5,C3v_mirror_240deg,11567.178877,3132.949184,2505.325318,-0.153399,0.000000,0.988164,0.988164,0.000000,0.153399,8.823973,yes,,0.003516
300,50,0,C3v_rot_0deg,11833.113049,3164.663273,2542.049743,-0.120158,0.000000,0.992755,0.992755,0.000000,0.120158,6.901195,yes,,0.014062
301,50,1,C3v_rot_120deg,11810.779917,3177.653654,2539.314793,-0.122949,0.000000,0.992413,0.992413,0.000000,0.122949,7.062339,yes,,0.003516
302,50,2,C3v_rot_240deg,11810.779917,3151.672892,2539.314793,-0.122949,0.000000,0.992413,0.992413,0.000000,0.122949,7.062339,yes,,0.003516
303,50,3,C3v_mirror_0deg,11833.113049,3164.663273,2542.049743,-0.120158,0.000000,0.992755,0.992755,0.000000,0.120158,6.901195,yes,,0.014062
304,50,4,C3v_mirror_120deg,11810.779917,3151.672892,2539.314793,-0.122949,0.000000,0.992413,0.992413,0.000000,0.122949,7.062339,yes,,0.003516
305,50,5,C3v_mirror_240deg,11810.779917,3177.653654,2539.314793,-0.122949,0.000000,0.992413,0.992413,0.000000,0.122949,7.062339,yes,,0.003516
306,51,0,C3v_rot_0deg,12077.776395,3209.040315,2567.851961,-0.089575,0.000000,0.995980,0.995980,0.000000,0.089575,5.139136,yes,,0.014062
307,51,1,C3v_rot_120deg,12055.369726,3222.030696,2565.805023,-0.092375,0.000000,0.995724,0.995724,0.000000,0.092375,5.300280,yes,,0.003516
308,51,2,C3v_rot_240deg,12055.369726,3196.049934,2565.805023,-0.092375,0.000000,0.995724,0.995724,0.000000,0.092375,5.300280,yes,,0.003516
309,51,3,C3v_mirror_0deg,12077.776395,3209.040315,2567.851961,-0.089575,0.000000,0.995980,0.995980,0.000000,0.089575,5.139136,yes,,0.014062
310,51,4,C3v_mirror_120deg,12055.369726,3196.049934,2565.805023,-0.092375,0.000000,0.995724,0.995724,0.000000,0.092375,5.300280,yes,,0.003516
311,51,5,C3v_mirror_240deg,12055.369726,3222.030696,2565.805023,-0.092375,0.000000,0.995724,0.995724,0.000000,0.092375,5.300280,yes,,0.003516
312,52,0,C3v_rot_0deg,12323.161294,3253.174146,2586.121442,-0.058902,0.000000,0.998264,0.998264,0.000000,0.058902,3.376762,yes,,0.014062
313,52,1,C3v_rot_120deg,12300.702271,3266.164527,2584.764576,-0.061709,0.000000,0.998094,0.998094,0.000000,0.061709,3.537907,yes,,0.003516
314,52,2,C3v_rot_240deg,12300.702271,3240.183765,2584.764576,-0.061709,0.000000,0.998094,0.998094,0.000000,0.061709,3.537907,yes,,0.003516
315,52,3,C3v_mirror_0deg,12323.161294,3253.174146,2586.121442,-0.058902,0.000000,0.998264,0.998264,0.000000,0.058902,3.376762,yes,,0.014062
316,52,4,C3v_mirror_120deg,12300.702271,3240.183765,2584.764576,-0.061709,0.000000,0.998094,0.998094,0.000000,0.061709,3.537907,yes,,0.003516
317,52,5,C3v_mirror_240deg,12300.702271,3266.164527,2584.764576,-0.061709,0.000000,0.998094,0.998094,0.000000,0.061709,3.537907,yes,,0.003516
318,53,0,C3v_rot_0deg,12569.020375,3297.149080,2596.836423,-0.028169,0.000000,0.999603,0.999603,0.000000,0.028169,1.614186,yes,,0.014062
319,53,1,C3v_rot_120deg,12546.530244,3310.139461,2596.170991,-0.030980,0.000000,0.999520,0.999520,0.000000,0.030980,1.775330,yes,,0.003516
320,53,2,C3v_rot_240deg,12546.530244,3284.158699,2596.170991,-0.030980,0.000000,0.999520,0.999520,0.000000,0.030980,1.775330,yes,,0.003516
321,53,3,C3v_mirror_0deg,12569.020375,3297.149080,2596.836423,-0.028169,0.000000,0.999603,0.999603,0.000000,0.028169,1.614186,yes,,0.014062
322,53,4,C3v_mirror_120deg,12546.530244,3284.158699,2596.170991,-0.030980,0.000000,0.999520,0.999520,0.000000,0.030980,1.775330,yes,,0.003516
323,53,5,C3v_mirror_240deg,12546.530244,3310.139461,2596.170991,-0.030980,0.000000,0.999520,0.999520,0.000000,0.030980,1.775330,yes,,0.003516
324,54,0,C3v_rot_0deg,12815.106551,3341.045978,2599.984185,0.002592,0.000000,0.999997,0.999997,0.000000,-0.002592,0.148491,yes,,0.014062
325,54,1,C3v_rot_120deg,12792.606594,3354.036360,2600.010857,-0.000221,0.000000,1.000000,1.000000,0.000000,0.000221,0.012654,yes,,0.003516
326,54,2,C3v_rot_240deg,12792.606594,3328.055597,2600.010857,-0.000221,0.000000,1.000000,1.000000,0.000000,0.000221,0.012654,yes,,0.003516
327,54,3,C3v_mirror_0deg,12815.106551,3341.045978,2599.984185,0.002592,0.000000,0.999997,0.999997,0.000000,-0.002592,0.148491,yes,,0.014062
328,54,4,C3v_mirror_120deg,12792.606594,3328.055597,2600.010857,-0.000221,0.000000,1.000000,1.000000,0.000000,0.000221,0.012654,yes,,0.003516
329,54,5,C3v_mirror_240deg,12792.606594,3354.036360,2600.010857,-0.000221,0.000000,1.000000,1.000000,0.000000,0.000221,0.012654,yes,,0.003516
330,55,0,C3v_rot_0deg,13061.172963,3384.944621,2595.560938,0.033350,0.000000,0.999444,0.999444,0.000000,-0.033350,1.911166,yes,,0.014062
331,55,1,C3v_rot_120deg,13038.684473,3397.935002,2596.279687,0.030539,0.000000,0.999534,0.999534,0.000000,-0.030539,1.750021,yes,,0.003516
332,55,2,C3v_rot_240deg,13038.684473,3371.954240,2596.279687,0.030539,0.000000,0.999534,0.999534,0.000000,-0.030539,1.750021,yes,,0.003516
333,55,3,C3v_mirror_0deg,13061.172963,3384.944621,2595.560938,0.033350,0.000000,0.999444,0.999444,0.000000,-0.033350,1.911166,yes,,0.014062
334,55,4,C3v_mirror_120deg,13038.684473,3371.954240,2596.279687,0.030539,0.000000,0.999534,0.999534,0.000000,-0.030539,1.750021,yes,,0.003516
335,55,5,C3v_mirror_240deg,13038.684473,3397.935002,2596.279687,0.030539,0.000000,0.999534,0.999534,0.000000,-0.030539,1.750021,yes,,0.003516
336,56,0,C3v_rot_0deg,13306.972242,3428.924522,2583.571812,0.064075,0.000000,0.997945,0.997945,0.000000,-0.064075,3.673736,yes,,0.014062
337,56,1,C3v_rot_120deg,13284.516499,3441.914903,2584.981917,0.061268,0.000000,0.998121,0.998121,0.000000,-0.061268,3.512591,yes,,0.003516
338,56,2,C3v_rot_240deg,13284.516499,3415.934141,2584.981917,0.061268,0.000000,0.998121,0.998121,0.000000,-0.061268,3.512591,yes,,0.003516
339,56,3,C3v_mirror_0deg,13306.972242,3428.924522,2583.571812,0.064075,0.000000,0.997945,0.997945,0.000000,-0.064075,3.673736,yes,,0.014062
340,56,4,C3v_mirror_120deg,13284.516499,3415.934141,2584.981917,0.061268,0.000000,0.998121,0.998121,0.000000,-0.061268,3.512591,yes,,0.003516
341,56,5,C3v_mirror_240deg,13284.516499,3441.914903,2584.981917,0.061268,0.000000,0.998121,0.998121,0.000000,-0.061268,3.512591,yes,,0.003516
342,57,0,C3v_rot_0deg,13401.274051,3445.857393,2576.971411,0.073993,0.000000,0.997259,0.997259,0.000000,-0.073993,4.243349,yes,,0.000000
343,57,1,C3v_rot_120deg,13378.835471,3458.847775,2578.632741,0.073058,0.000000,0.997328,0.997328,0.000000,-0.073058,4.189634,yes,,0.000000
344,57,2,C3v_rot_240deg,13378.835471,3432.867012,2578.632741,0.073058,0.000000,0.997328,0.997328,0.000000,-0.073058,4.189634,yes,,0.000000
345,57,3,C3v_mirror_0deg,13401.274051,3445.857393,2576.971411,0.073993,0.000000,0.997259,0.997259,0.000000,-0.073993,4.243349,yes,,0.000000
346,57,4,C3v_mirror_120deg,13378.835471,3432.867012,2578.632741,0.073058,0.000000,0.997328,0.997328,0.000000,-0.073058,4.189634,yes,,0.000000
347,57,5,C3v_mirror_240deg,13378.835471,3458.847775,2578.632741,0.073058,0.000000,0.997328,0.997328,0.000000,-0.073058,4.189634,yes,,0.000000
348,58,0,C3v_rot_0deg,393.657841,-65.258740,85.772234,-0.212890,0.000000,0.977076,0.977076,0.000000,0.212890,12.291794,yes,,0.000000
349,58,1,C3v_rot_120deg,371.673629,-52.268359,80.982199,-0.212890,0.000000,0.977076,0.977076,0.000000,0.212890,12.291794,yes,,0.000000
350,58,2,C3v_rot_240deg,371.673629,-78.249121,80.982199,-0.212890,0.000000,0.977076,0.977076,0.000000,0.212890,12.291794,yes,,0.000000
351,58,3,C3v_mirror_0deg,393.657841,-65.258740,85.772234,-0.212890,0.000000,0.977076,0.977076,0.000000,0.212890,12.291794,yes,,0.000000
352,58,4,C3v_mirror_120deg,371.673629,-78.249121,80.982199,-0.212890,0.000000,0.977076,0.977076,0.000000,0.212890,12.291794,yes,,0.000000
353,58,5,C3v_mirror_240deg,371.673629,-52.268359,80.982199,-0.212890,0.000000,0.977076,0.977076,0.000000,0.212890,12.291794,yes,,0.000000
354,59,0,C3v_rot_0deg,629.457893,-130.517481,137.149586,-0.212890,0.000000,0.977076,0.977076,0.000000,0.212890,12.291794,yes,,0.000000
355,59,1,C3v_rot_120deg,607.473682,-117.527100,132.359551,-0.212890,0.000000,0.977076,0.977076,0.000000,0.212890,12.291794,yes,,0.000000
356,59,2,C3v_rot_240deg,607.473682,-143.507862,132.359551,-0.212890,0.000000,0.977076,0.977076,0.000000,0.212890,12.291794,yes,,0.000000
357,59,3,C3v_mirror_0deg,629.457893,-130.517481,137.149586,-0.212890,0.000000,0.977076,0.977076,0.000000,0.212890,12.291794,yes,,0.000000
358,59,4,C3v_mirror_120deg,607.473682,-143.507862,132.359551,-0.212890,0.000000,0.977076,0.977076,0.000000,0.212890,12.291794,yes,,0.000000
359,59,5,C3v_mirror_240deg,607.473682,-117.527100,132.359551,-0.212890,0.000000,0.977076,0.977076,0.000000,0.212890,12.291794,yes,,0.000000
360,60,0,C3v_rot_0deg,865.257945,-195.776221,188.526938,-0.212890,0.000000,0.977076,0.977076,0.000000,0.212890,12.291794,yes,,0.000000
361,60,1,C3v_rot_120deg,843.273734,-182.785840,183.736902,-0.212890,0.000000,0.977076,0.977076,0.000000,0.212890,12.291794,yes,,0.000000
362,60,2,C3v_rot_240deg,843.273734,-208.766602,183.736902,-0.212890,0.000000,0.977076,0.977076,0.000000,0.212890,12.291794,yes,,0.000000
363,60,3,C3v_mirror_0deg,865.257945,-195.776221,188.526938,-0.212890,0.000000,0.977076,0.977076,0.000000,0.212890,12.291794,yes,,0.000000
364,60,4,C3v_mirror_120deg,843.273734,-208.766602,183.736902,-0.212890,0.000000,0.977076,0.977076,0.000000,0.212890,12.291794,yes,,0.000000
365,60,5,C3v_mirror_240deg,843.273734,-182.785840,183.736902,-0.212890,0.000000,0.977076,0.977076,0.000000,0.212890,12.291794,yes,,0.000000
366,61,0,C3v_rot_0deg,1101.057997,-261.034962,239.904289,-0.212890,0.000000,0.977076,0.977076,0.000000,0.212890,12.291794,yes,,0.000000
367,61,1,C3v_rot_120deg,1079.073786,-248.044580,235.114254,-0.212890,0.000000,0.977076,0.977076,0.000000,0.212890,12.291794,yes,,0.000000
368,61,2,C3v_rot_240deg,1079.073786,-274.025343,235.114254,-0.212890,0.000000,0.977076,0.977076,0.000000,0.212890,12.291794,yes,,0.000000
369,61,3,C3v_mirror_0deg,1101.057997,-261.034962,239.904289,-0.212890,0.000000,0.977076,0.977076,0.000000,0.212890,12.291794,yes,,0.000000
370,61,4,C3v_mirror_120deg,1079.073786,-274.025343,235.114254,-0.212890,0.000000,0.977076,0.977076,0.000000,0.212890,12.291794,yes,,0.000000
371,61,5,C3v_mirror_240deg,1079.073786,-248.044580,235.114254,-0.212890,0.000000,0.977076,0.977076,0.000000,0.212890,12.291794,yes,,0.000000
372,62,0,C3v_rot_0deg,1336.858049,-326.293702,291.281641,-0.212890,0.000000,0.977076,0.977076,0.000000,0.212890,12.291794,yes,,0.000000
373,62,1,C3v_rot_120deg,1314.873838,-313.303321,286.491605,-0.212890,0.000000,0.977076,0.977076,0.000000,0.212890,12.291794,yes,,0.000000
374,62,2,C3v_rot_240deg,1314.873838,-339.284083,286.491605,-0.212890,0.000000,0.977076,0.977076,0.000000,0.212890,12.291794,yes,,0.000000
375,62,3,C3v_mirror_0deg,1336.858049,-326.293702,291.281641,-0.212890,0.000000,0.977076,0.977076,0.000000,0.212890,12.291794,yes,,0.000000
376,62,4,C3v_mirror_120deg,1314.873838,-339.284083,286.491605,-0.212890,0.000000,0.977076,0.977076,0.000000,0.212890,12.291794,yes,,0.000000
377,62,5,C3v_mirror_240deg,1314.873838,-313.303321,286.491605,-0.212890,0.000000,0.977076,0.977076,0.000000,0.212890,12.291794,yes,,0.000000
378,63,0,C3v_rot_0deg,1572.658101,-391.552442,342.658992,-0.212890,0.000000,0.977076,0.977076,0.000000,0.212890,12.291794,yes,,0.000000
379,63,1,C3v_rot_120deg,1550.673890,-378.562061,337.868957,-0.212890,0.000000,0.977076,0.977076,0.000000,0.212890,12.291794,yes,,0.000000
380,63,2,C3v_rot_240deg,1550.673890,-404.542823,337.868957,-0.212890,0.000000,0.977076,0.977076,0.000000,0.212890,12.291794,yes,,0.000000
381,63,3,C3v_mirror_0deg,1572.658101,-391.552442,342.658992,-0.212890,0.000000,0.977076,0.977076,0.000000,0.212890,12.291794,yes,,0.000000
382,63,4,C3v_mirror_120deg,1550.673890,-404.542823,337.868957,-0.212890,0.000000,0.977076,0.977076,0.000000,0.212890,12.291794,yes,,0.000000
383,63,5,C3v_mirror_240deg,1550.673890,-378.562061,337.868957,-0.212890,0.000000,0.977076,0.977076,0.000000,0.212890,12.291794,yes,,0.000000
384,64,0,C3v_rot_0deg,1808.458153,-456.811183,394.036344,-0.212890,0.000000,0.977076,0.977076,0.000000,0.212890,12.291794,yes,,0.000000
385,64,1,C3v_rot_120deg,1786.473942,-443.820802,389.246309,-0.212890,0.000000,0.977076,0.977076,0.000000,0.212890,12.291794,yes,,0.000000
386,64,2,C3v_rot_240deg,1786.473942,-469.801564,389.246309,-0.212890,0.000000,0.977076,0.977076,0.000000,0.212890,12.291794,yes,,0.000000
387,64,3,C3v_mirror_0deg,1808.458153,-456.811183,394.036344,-0.212890,0.000000,0.977076,0.977076,0.000000,0.212890,12.291794,yes,,0.000000
388,64,4,C3v_mirror_120deg,1786.473942,-469.801564,389.246309,-0.212890,0.000000,0.977076,0.977076,0.000000,0.212890,12.291794,yes,,0.000000
389,64,5,C3v_mirror_240deg,1786.473942,-443.820802,389.246309,-0.212890,0.000000,0.977076,0.977076,0.000000,0.212890,12.291794,yes,,0.000000
390,65,0,C3v_rot_0deg,2044.258205,-522.069923,445.413696,-0.212890,0.000000,0.977076,0.977076,0.000000,0.212890,12.291794,yes,,0.000000
391,65,1,C3v_rot_120deg,2022.273994,-509.079542,440.623660,-0.212890,0.000000,0.977076,0.977076,0.000000,0.212890,12.291794,yes,,0.000000
392,65,2,C3v_rot_240deg,2022.273994,-535.060304,440.623660,-0.212890,0.000000,0.977076,0.977076,0.000000,0.212890,12.291794,yes,,0.000000
393,65,3,C3v_mirror_0deg,2044.258205,-522.069923,445.413696,-0.212890,0.000000,0.977076,0.977076,0.000000,0.212890,12.291794,yes,,0.000000
394,65,4,C3v_mirror_120deg,2022.273994,-535.060304,440.623660,-0.212890,0.000000,0.977076,0.977076,0.000000,0.212890,12.291794,yes,,0.000000
395,65,5,C3v_mirror_240deg,2022.273994,-509.079542,440.623660,-0.212890,0.000000,0.977076,0.977076,0.000000,0.212890,12.291794,yes,,0.000000
396,66,0,C3v_rot_0deg,2280.058257,-587.328663,496.791047,-0.212890,0.000000,0.977076,0.977076,0.000000,0.212890,12.291794,yes,,0.000000
397,66,1,C3v_rot_120deg,2258.074046,-574.338282,492.001012,-0.212890,0.000000,0.977076,0.977076,0.000000,0.212890,12.291794,yes,,0.000000
398,66,2,C3v_rot_240deg,2258.074046,-600.319044,492.001012,-0.212890,0.000000,0.977076,0.977076,0.000000,0.212890,12.291794,yes,,0.000000
399,66,3,C3v_mirror_0deg,2280.058257,-587.328663,496.791047,-0.212890,0.000000,0.977076,0.977076,0.000000,0.212890,12.291794,yes,,0.000000
400,66,4,C3v_mirror_120deg,2258.074046,-600.319044,492.001012,-0.212890,0.000000,0.977076,0.977076,0.000000,0.212890,12.291794,yes,,0.000000
401,66,5,C3v_mirror_240deg,2258.074046,-574.338282,492.001012,-0.212890,0.000000,0.977076,0.977076,0.000000,0.212890,12.291794,yes,,0.000000
402,67,0,C3v_rot_0deg,2515.858310,-652.587404,548.168399,-0.212890,0.000000,0.977076,0.977076,0.000000,0.212890,12.291794,yes,,0.000000
403,67,1,C3v_rot_120deg,2493.874098,-639.597023,543.378363,-0.212890,0.000000,0.977076,0.977076,0.000000,0.212890,12.291794,yes,,0.000000
404,67,2,C3v_rot_240deg,2493.874098,-665.577785,543.378363,-0.212890,0.000000,0.977076,0.977076,0.000000,0.212890,12.291794,yes,,0.000000
405,67,3,C3v_mirror_0deg,2515.858310,-652.587404,548.168399,-0.212890,0.000000,0.977076,0.977076,0.000000,0.212890,12.291794,yes,,0.000000
406,67,4,C3v_mirror_120deg,2493.874098,-665.577785,543.378363,-0.212890,0.000000,0.977076,0.977076,0.000000,0.212890,12.291794,yes,,0.000000
407,67,5,C3v_mirror_240deg,2493.874098,-639.597023,543.378363,-0.212890,0.000000,0.977076,0.977076,0.000000,0.212890,12.291794,yes,,0.000000
408,68,0,C3v_rot_0deg,2751.658362,-717.846144,599.545750,-0.212890,0.000000,0.977076,0.977076,0.000000,0.212890,12.291794,yes,,0.000000
409,68,1,C3v_rot_120deg,2729.674150,-704.855763,594.755715,-0.212890,0.000000,0.977076,0.977076,0.000000,0.212890,12.291794,yes,,0.000000
410,68,2,C3v_rot_240deg,2729.674150,-730.836525,594.755715,-0.212890,0.000000,0.977076,0.977076,0.000000,0.212890,12.291794,yes,,0.000000
411,68,3,C3v_mirror_0deg,2751.658362,-717.846144,599.545750,-0.212890,0.000000,0.977076,0.977076,0.000000,0.212890,12.291794,yes,,0.000000
412,68,4,C3v_mirror_120deg,2729.674150,-730.836525,594.755715,-0.212890,0.000000,0.977076,0.977076,0.000000,0.212890,12.291794,yes,,0.000000
413,68,5,C3v_mirror_240deg,2729.674150,-704.855763,594.755715,-0.212890,0.000000,0.977076,0.977076,0.000000,0.212890,12.291794,yes,,0.000000
414,69,0,C3v_rot_0deg,2987.458414,-783.104885,650.923102,-0.212890,0.000000,0.977076,0.977076,0.000000,0.212890,12.291794,yes,,0.000000
415,69,1,C3v_rot_120deg,2965.474202,-770.114504,646.133067,-0.212890,0.000000,0.977076,0.977076,0.000000,0.212890,12.291794,yes,,0.000000
416,69,2,C3v_rot_240deg,2965.474202,-796.095266,646.133067,-0.212890,0.000000,0.977076,0.977076,0.000000,0.212890,12.291794,yes,,0.000000
417,69,3,C3v_mirror_0deg,2987.458414,-783.104885,650.923102,-0.212890,0.000000,0.977076,0.977076,0.000000,0.212890,12.291794,yes,,0.000000
418,69,4,C3v_mirror_120deg,2965.474202,-796.095266,646.133067,-0.212890,0.000000,0.977076,0.977076,0.000000,0.212890,12.291794,yes,,0.000000
419,69,5,C3v_mirror_240deg,2965.474202,-770.114504,646.133067,-0.212890,0.000000,0.977076,0.977076,0.000000,0.212890,12.291794,yes,,0.000000
420,70,0,C3v_rot_0deg,3223.258466,-848.363625,702.300454,-0.212890,0.000000,0.977076,0.977076,0.000000,0.212890,12.291794,yes,,0.000000
421,70,1,C3v_rot_120deg,3201.274254,-835.373244,697.510418,-0.212890,0.000000,0.977076,0.977076,0.000000,0.212890,12.291794,yes,,0.000000
422,70,2,C3v_rot_240deg,3201.274254,-861.354006,697.510418,-0.212890,0.000000,0.977076,0.977076,0.000000,0.212890,12.291794,yes,,0.000000
423,70,3,C3v_mirror_0deg,3223.258466,-848.363625,702.300454,-0.212890,0.000000,0.977076,0.977076,0.000000,0.212890,12.291794,yes,,0.000000
424,70,4,C3v_mirror_120deg,3201.274254,-861.354006,697.510418,-0.212890,0.000000,0.977076,0.977076,0.000000,0.212890,12.291794,yes,,0.000000
425,70,5,C3v_mirror_240deg,3201.274254,-835.373244,697.510418,-0.212890,0.000000,0.977076,0.977076,0.000000,0.212890,12.291794,yes,,0.000000
426,71,0,C3v_rot_0deg,3459.058518,-913.622365,753.677805,-0.212890,0.000000,0.977076,0.977076,0.000000,0.212890,12.291794,yes,,0.000000
427,71,1,C3v_rot_120deg,3437.074306,-900.631984,748.887770,-0.212890,0.000000,0.977076,0.977076,0.000000,0.212890,12.291794,yes,,0.000000
428,71,2,C3v_rot_240deg,3437.074306,-926.612746,748.887770,-0.212890,0.000000,0.977076,0.977076,0.000000,0.212890,12.291794,yes,,0.000000
429,71,3,C3v_mirror_0deg,3459.058518,-913.622365,753.677805,-0.212890,0.000000,0.977076,0.977076,0.000000,0.212890,12.291794,yes,,0.000000
430,71,4,C3v_mirror_120deg,3437.074306,-926.612746,748.887770,-0.212890,0.000000,0.977076,0.977076,0.000000,0.212890,12.291794,yes,,0.000000
431,71,5,C3v_mirror_240deg,3437.074306,-900.631984,748.887770,-0.212890,0.000000,0.977076,0.977076,0.000000,0.212890,12.291794,yes,,0.000000
432,72,0,C3v_rot_0deg,3694.858570,-978.881106,805.055157,-0.212890,0.000000,0.977076,0.977076,0.000000,0.212890,12.291794,yes,,0.000000
433,72,1,C3v_rot_120deg,3672.874358,-965.890725,800.265121,-0.212890,0.000000,0.977076,0.977076,0.000000,0.212890,12.291794,yes,,0.000000
434,72,2,C3v_rot_240deg,3672.874358,-991.871487,800.265121,-0.212890,0.000000,0.977076,0.977076,0.000000,0.212890,12.291794,yes,,0.000000
435,72,3,C3v_mirror_0deg,3694.858570,-978.881106,805.055157,-0.212890,0.000000,0.977076,0.977076,0.000000,0.212890,12.291794,yes,,0.000000
436,72,4,C3v_mirror_120deg,3672.874358,-991.871487,800.265121,-0.212890,0.000000,0.977076,0.977076,0.000000,0.212890,12.291794,yes,,0.000000
437,72,5,C3v_mirror_240deg,3672.874358,-965.890725,800.265121,-0.212890,0.000000,0.977076,0.977076,0.000000,0.212890,12.291794,yes,,0.000000
438,73,0,C3v_rot_0deg,3930.658622,-1044.139846,856.432508,-0.212890,0.000000,0.977076,0.977076,0.000000,0.212890,12.291794,yes,,0.000000
439,73,1,C3v_rot_120deg,3908.674410,-1031.149465,851.642473,-0.212890,0.000000,0.977076,0.977076,0.000000,0.212890,12.291794,yes,,0.000000
440,73,2,C3v_rot_240deg,3908.674410,-1057.130227,851.642473,-0.212890,0.000000,0.977076,0.977076,0.000000,0.212890,12.291794,yes,,0.000000
441,73,3,C3v_mirror_0deg,3930.658622,-1044.139846,856.432508,-0.212890,0.000000,0.977076,0.977076,0.000000,0.212890,12.291794,yes,,0.000000
442,73,4,C3v_mirror_120deg,3908.674410,-1057.130227,851.642473,-0.212890,0.000000,0.977076,0.977076,0.000000,0.212890,12.291794,yes,,0.000000
443,73,5,C3v_mirror_240deg,3908.674410,-1031.149465,851.642473,-0.212890,0.000000,0.977076,0.977076,0.000000,0.212890,12.291794,yes,,0.000000
444,74,0,C3v_rot_0deg,4166.458674,-1109.398586,907.809860,-0.212890,0.000000,0.977076,0.977076,0.000000,0.212890,12.291794,yes,,0.000000
445,74,1,C3v_rot_120deg,4144.474462,-1096.408205,903.019825,-0.212890,0.000000,0.977076,0.977076,0.000000,0.212890,12.291794,yes,,0.000000
446,74,2,C3v_rot_240deg,4144.474462,-1122.388968,903.019825,-0.212890,0.000000,0.977076,0.977076,0.000000,0.212890,12.291794,yes,,0.000000
447,74,3,C3v_mirror_0deg,4166.458674,-1109.398586,907.809860,-0.212890,0.000000,0.977076,0.977076,0.000000,0.212890,12.291794,yes,,0.000000
448,74,4,C3v_mirror_120deg,4144.474462,-1122.388968,903.019825,-0.212890,0.000000,0.977076,0.977076,0.000000,0.212890,12.291794,yes,,0.000000
449,74,5,C3v_mirror_240deg,4144.474462,-1096.408205,903.019825,-0.212890,0.000000,0.977076,0.977076,0.000000,0.212890,12.291794,yes,,0.000000
450,75,0,C3v_rot_0deg,4402.258726,-1174.657327,959.187212,-0.212890,0.000000,0.977076,0.977076,0.000000,0.212890,12.291794,yes,,0.000000
451,75,1,C3v_rot_120deg,4380.274514,-1161.666946,954.397176,-0.212890,0.000000,0.977076,0.977076,0.000000,0.212890,12.291794,yes,,0.000000
452,75,2,C3v_rot_240deg,4380.274514,-1187.647708,954.397176,-0.212890,0.000000,0.977076,0.977076,0.000000,0.212890,12.291794,yes,,0.000000
453,75,3,C3v_mirror_0deg,4402.258726,-1174.657327,959.187212,-0.212890,0.000000,0.977076,0.977076,0.000000,0.212890,12.291794,yes,,0.000000
454,75,4,C3v_mirror_120deg,4380.274514,-1187.647708,954.397176,-0.212890,0.000000,0.977076,0.977076,0.000000,0.212890,12.291794,yes,,0.000000
455,75,5,C3v_mirror_240deg,4380.274514,-1161.666946,954.397176,-0.212890,0.000000,0.977076,0.977076,0.000000,0.212890,12.291794,yes,,0.000000
456,76,0,C3v_rot_0deg,4638.058778,-1239.916067,1010.564563,-0.212890,0.000000,0.977076,0.977076,0.000000,0.212890,12.291794,yes,,0.000000
457,76,1,C3v_rot_120deg,4616.074566,-1226.925686,1005.774528,-0.212890,0.000000,0.977076,0.977076,0.000000,0.212890,12.291794,yes,,0.000000
458,76,2,C3v_rot_240deg,4616.074566,-1252.906448,1005.774528,-0.212890,0.000000,0.977076,0.977076,0.000000,0.212890,12.291794,yes,,0.000000
459,76,3,C3v_mirror_0deg,4638.058778,-1239.916067,1010.564563,-0.212890,0.000000,0.977076,0.977076,0.000000,0.212890,12.291794,yes,,0.000000
460,76,4,C3v_mirror_120deg,4616.074566,-1252.906448,1005.774528,-0.212890,0.000000,0.977076,0.977076,0.000000,0.212890,12.291794,yes,,0.000000
461,76,5,C3v_mirror_240deg,4616.074566,-1226.925686,1005.774528,-0.212890,0.000000,0.977076,0.977076,0.000000,0.212890,12.291794,yes,,0.000000
462,77,0,C3v_rot_0deg,4873.858830,-1305.174808,1061.941915,-0.212890,0.000000,0.977076,0.977076,0.000000,0.212890,12.291794,yes,,0.000000
463,77,1,C3v_rot_120deg,4851.874618,-1292.184427,1057.151880,-0.212890,0.000000,0.977076,0.977076,0.000000,0.212890,12.291794,yes,,0.000000
464,77,2,C3v_rot_240deg,4851.874618,-1318.165189,1057.151880,-0.212890,0.000000,0.977076,0.977076,0.000000,0.212890,12.291794,yes,,0.000000
465,77,3,C3v_mirror_0deg,4873.858830,-1305.174808,1061.941915,-0.212890,0.000000,0.977076,0.977076,0.000000,0.212890,12.291794,yes,,0.000000
466,77,4,C3v_mirror_120deg,4851.874618,-1318.165189,1057.151880,-0.212890,0.000000,0.977076,0.977076,0.000000,0.212890,12.291794,yes,,0.000000
467,77,5,C3v_mirror_240deg,4851.874618,-1292.184427,1057.151880,-0.212890,0.000000,0.977076,0.977076,0.000000,0.212890,12.291794,yes,,0.000000
468,78,0,C3v_rot_0deg,5109.658882,-1370.433548,1113.319266,-0.212890,0.000000,0.977076,0.977076,0.000000,0.212890,12.291794,yes,,0.000000
469,78,1,C3v_rot_120deg,5087.674670,-1357.443167,1108.529231,-0.212890,0.000000,0.977076,0.977076,0.000000,0.212890,12.291794,yes,,0.000000
470,78,2,C3v_rot_240deg,5087.674670,-1383.423929,1108.529231,-0.212890,0.000000,0.977076,0.977076,0.000000,0.212890,12.291794,yes,,0.000000
471,78,3,C3v_mirror_0deg,5109.658882,-1370.433548,1113.319266,-0.212890,0.000000,0.977076,0.977076,0.000000,0.212890,12.291794,yes,,0.000000
472,78,4,C3v_mirror_120deg,5087.674670,-1383.423929,1108.529231,-0.212890,0.000000,0.977076,0.977076,0.000000,0.212890,12.291794,yes,,0.000000
473,78,5,C3v_mirror_240deg,5087.674670,-1357.443167,1108.529231,-0.212890,0.000000,0.977076,0.977076,0.000000,0.212890,12.291794,yes,,0.000000
474,79,0,C3v_rot_0deg,5345.458934,-1435.692288,1164.696618,-0.212890,0.000000,0.977076,0.977076,0.000000,0.212890,12.291794,yes,,0.000000
475,79,1,C3v_rot_120deg,5323.474722,-1422.701907,1159.906583,-0.212890,0.000000,0.977076,0.977076,0.000000,0.212890,12.291794,yes,,0.000000
476,79,2,C3v_rot_240deg,5323.474722,-1448.682669,1159.906583,-0.212890,0.000000,0.977076,0.977076,0.000000,0.212890,12.291794,yes,,0.000000
477,79,3,C3v_mirror_0deg,5345.458934,-1435.692288,1164.696618,-0.212890,0.000000,0.977076,0.977076,0.000000,0.212890,12.291794,yes,,0.000000
478,79,4,C3v_mirror_120deg,5323.474722,-1448.682669,1159.906583,-0.212890,0.000000,0.977076,0.977076,0.000000,0.212890,12.291794,yes,,0.000000
479,79,5,C3v_mirror_240deg,5323.474722,-1422.701907,1159.906583,-0.212890,0.000000,0.977076,0.977076,0.000000,0.212890,12.291794,yes,,0.000000
480,80,0,C3v_rot_0deg,5581.258986,-1500.951029,1216.073970,-0.212890,0.000000,0.977076,0.977076,0.000000,0.212890,12.291794,yes,,0.000000
481,80,1,C3v_rot_120deg,5559.274775,-1487.960648,1211.283934,-0.212890,0.000000,0.977076,0.977076,0.000000,0.212890,12.291794,yes,,0.000000
482,80,2,C3v_rot_240deg,5559.274775,-1513.941410,1211.283934,-0.212890,0.000000,0.977076,0.977076,0.000000,0.212890,12.291794,yes,,0.000000
483,80,3,C3v_mirror_0deg,5581.258986,-1500.951029,1216.073970,-0.212890,0.000000,0.977076,0.977076,0.000000,0.212890,12.291794,yes,,0.000000
484,80,4,C3v_mirror_120deg,5559.274775,-1513.941410,1211.283934,-0.212890,0.000000,0.977076,0.977076,0.000000,0.212890,12.291794,yes,,0.000000
485,80,5,C3v_mirror_240deg,5559.274775,-1487.960648,1211.283934,-0.212890,0.000000,0.977076,0.977076,0.000000,0.212890,12.291794,yes,,0.000000
486,81,0,C3v_rot_0deg,5817.059038,-1566.209769,1267.451321,-0.212890,0.000000,0.977076,0.977076,0.000000,0.212890,12.291794,yes,,0.000000
487,81,1,C3v_rot_120deg,5795.074827,-1553.219388,1262.661286,-0.212890,0.000000,0.977076,0.977076,0.000000,0.212890,12.291794,yes,,0.000000
488,81,2,C3v_rot_240deg,5795.074827,-1579.200150,1262.661286,-0.212890,0.000000,0.977076,0.977076,0.000000,0.212890,12.291794,yes,,0.000000
489,81,3,C3v_mirror_0deg,5817.059038,-1566.209769,1267.451321,-0.212890,0.000000,0.977076,0.977076,0.000000,0.212890,12.291794,yes,,0.000000
490,81,4,C3v_mirror_120deg,5795.074827,-1579.200150,1262.661286,-0.212890,0.000000,0.977076,0.977076,0.000000,0.212890,12.291794,yes,,0.000000
491,81,5,C3v_mirror_240deg,5795.074827,-1553.219388,1262.661286,-0.212890,0.000000,0.977076,0.977076,0.000000,0.212890,12.291794,yes,,0.000000
492,82,0,C3v_rot_0deg,6052.859090,-1631.468510,1318.828673,-0.212890,0.000000,0.977076,0.977076,0.000000,0.212890,12.291794,yes,,0.000000
493,82,1,C3v_rot_120deg,6030.874879,-1618.478128,1314.038638,-0.212890,0.000000,0.977076,0.977076,0.000000,0.212890,12.291794,yes,,0.000000
494,82,2,C3v_rot_240deg,6030.874879,-1644.458891,1314.038638,-0.212890,0.000000,0.977076,0.977076,0.000000,0.212890,12.291794,yes,,0.000000
495,82,3,C3v_mirror_0deg,6052.859090,-1631.468510,1318.828673,-0.212890,0.000000,0.977076,0.977076,0.000000,0.212890,12.291794,yes,,0.000000
496,82,4,C3v_mirror_120deg,6030.874879,-1644.458891,1314.038638,-0.212890,0.000000,0.977076,0.977076,0.000000,0.212890,12.291794,yes,,0.000000
497,82,5,C3v_mirror_240deg,6030.874879,-1618.478128,1314.038638,-0.212890,0.000000,0.977076,0.977076,0.000000,0.212890,12.291794,yes,,0.000000
498,83,0,C3v_rot_0deg,6288.659142,-1696.727250,1370.206024,-0.212890,0.000000,0.977076,0.977076,0.000000,0.212890,12.291794,yes,,0.000000
499,83,1,C3v_rot_120deg,6266.674931,-1683.736869,1365.415989,-0.212890,0.000000,0.977076,0.977076,0.000000,0.212890,12.291794,yes,,0.000000
500,83,2,C3v_rot_240deg,6266.674931,-1709.717631,1365.415989,-0.212890,0.000000,0.977076,0.977076,0.000000,0.212890,12.291794,yes,,0.000000
501,83,3,C3v_mirror_0deg,6288.659142,-1696.727250,1370.206024,-0.212890,0.000000,0.977076,0.977076,0.000000,0.212890,12.291794,yes,,0.000000
502,83,4,C3v_mirror_120deg,6266.674931,-1709.717631,1365.415989,-0.212890,0.000000,0.977076,0.977076,0.000000,0.212890,12.291794,yes,,0.000000
503,83,5,C3v_mirror_240deg,6266.674931,-1683.736869,1365.415989,-0.212890,0.000000,0.977076,0.977076,0.000000,0.212890,12.291794,yes,,0.000000
504,84,0,C3v_rot_0deg,6524.459194,-1761.985990,1421.583376,-0.212890,0.000000,0.977076,0.977076,0.000000,0.212890,12.291794,yes,,0.000000
505,84,1,C3v_rot_120deg,6502.474983,-1748.995609,1416.793341,-0.212890,0.000000,0.977076,0.977076,0.000000,0.212890,12.291794,yes,,0.000000
506,84,2,C3v_rot_240deg,6502.474983,-1774.976371,1416.793341,-0.212890,0.000000,0.977076,0.977076,0.000000,0.212890,12.291794,yes,,0.000000
507,84,3,C3v_mirror_0deg,6524.459194,-1761.985990,1421.583376,-0.212890,0.000000,0.977076,0.977076,0.000000,0.212890,12.291794,yes,,0.000000
508,84,4,C3v_mirror_120deg,6502.474983,-1774.976371,1416.793341,-0.212890,0.000000,0.977076,0.977076,0.000000,0.212890,12.291794,yes,,0.000000
509,84,5,C3v_mirror_240deg,6502.474983,-1748.995609,1416.793341,-0.212890,0.000000,0.977076,0.977076,0.000000,0.212890,12.291794,yes,,0.000000
510,85,0,C3v_rot_0deg,6760.259246,-1827.244731,1472.960728,-0.212890,0.000000,0.977076,0.977076,0.000000,0.212890,12.291794,yes,,0.000000
511,85,1,C3v_rot_120deg,6738.275035,-1814.254350,1468.170692,-0.212890,0.000000,0.977076,0.977076,0.000000,0.212890,12.291794,yes,,0.000000
512,85,2,C3v_rot_240deg,6738.275035,-1840.235112,1468.170692,-0.212890,0.000000,0.977076,0.977076,0.000000,0.212890,12.291794,yes,,0.000000
513,85,3,C3v_mirror_0deg,6760.259246,-1827.244731,1472.960728,-0.212890,0.000000,0.977076,0.977076,0.000000,0.212890,12.291794,yes,,0.000000
514,85,4,C3v_mirror_120deg,6738.275035,-1840.235112,1468.170692,-0.212890,0.000000,0.977076,0.977076,0.000000,0.212890,12.291794,yes,,0.000000
515,85,5,C3v_mirror_240deg,6738.275035,-1814.254350,1468.170692,-0.212890,0.000000,0.977076,0.977076,0.000000,0.212890,12.291794,yes,,0.000000
516,86,0,C3v_rot_0deg,6996.059298,-1892.503471,1524.338079,-0.212890,0.000000,0.977076,0.977076,0.000000,0.212890,12.291794,yes,,0.000000
517,86,1,C3v_rot_120deg,6974.075087,-1879.513090,1519.548044,-0.212890,0.000000,0.977076,0.977076,0.000000,0.212890,12.291794,yes,,0.000000
518,86,2,C3v_rot_240deg,6974.075087,-1905.493852,1519.548044,-0.212890,0.000000,0.977076,0.977076,0.000000,0.212890,12.291794,yes,,0.000000
519,86,3,C3v_mirror_0deg,6996.059298,-1892.503471,1524.338079,-0.212890,0.000000,0.977076,0.977076,0.000000,0.212890,12.291794,yes,,0.000000
520,86,4,C3v_mirror_120deg,6974.075087,-1905.493852,1519.548044,-0.212890,0.000000,0.977076,0.977076,0.000000,0.212890,12.291794,yes,,0.000000
521,86,5,C3v_mirror_240deg,6974.075087,-1879.513090,1519.548044,-0.212890,0.000000,0.977076,0.977076,0.000000,0.212890,12.291794,yes,,0.000000
522,87,0,C3v_rot_0deg,7231.859351,-1957.762211,1575.715431,-0.212890,0.000000,0.977076,0.977076,0.000000,0.212890,12.291794,yes,,0.000000
523,87,1,C3v_rot_120deg,7209.875139,-1944.771830,1570.925396,-0.212890,0.000000,0.977076,0.977076,0.000000,0.212890,12.291794,yes,,0.000000
524,87,2,C3v_rot_240deg,7209.875139,-1970.752592,1570.925396,-0.212890,0.000000,0.977076,0.977076,0.000000,0.212890,12.291794,yes,,0.000000
525,87,3,C3v_mirror_0deg,7231.859351,-1957.762211,1575.715431,-0.212890,0.000000,0.977076,0.977076,0.000000,0.212890,12.291794,yes,,0.000000
526,87,4,C3v_mirror_120deg,7209.875139,-1970.752592,1570.925396,-0.212890,0.000000,0.977076,0.977076,0.000000,0.212890,12.291794,yes,,0.000000
527,87,5,C3v_mirror_240deg,7209.875139,-1944.771830,1570.925396,-0.212890,0.000000,0.977076,0.977076,0.000000,0.212890,12.291794,yes,,0.000000
528,88,0,C3v_rot_0deg,7467.659403,-2023.020952,1627.092782,-0.212890,0.000000,0.977076,0.977076,0.000000,0.212890,12.291794,yes,,0.000000
529,88,1,C3v_rot_120deg,7445.675191,-2010.030571,1622.302747,-0.212890,0.000000,0.977076,0.977076,0.000000,0.212890,12.291794,yes,,0.000000
530,88,2,C3v_rot_240deg,7445.675191,-2036.011333,1622.302747,-0.212890,0.000000,0.977076,0.977076,0.000000,0.212890,12.291794,yes,,0.000000
531,88,3,C3v_mirror_0deg,7467.659403,-2023.020952,1627.092782,-0.212890,0.000000,0.977076,0.977076,0.000000,0.212890,12.291794,yes,,0.000000
532,88,4,C3v_mirror_120deg,7445.675191,-2036.011333,1622.302747,-0.212890,0.000000,0.977076,0.977076,0.000000,0.212890,12.291794,yes,,0.000000
533,88,5,C3v_mirror_240deg,7445.675191,-2010.030571,1622.302747,-0.212890,0.000000,0.977076,0.977076,0.000000,0.212890,12.291794,yes,,0.000000
534,89,0,C3v_rot_0deg,7703.459455,-2088.279692,1678.470134,-0.212890,0.000000,0.977076,0.977076,0.000000,0.212890,12.291794,yes,,0.000000
535,89,1,C3v_rot_120deg,7681.475243,-2075.289311,1673.680099,-0.212890,0.000000,0.977076,0.977076,0.000000,0.212890,12.291794,yes,,0.000000
536,89,2,C3v_rot_240deg,7681.475243,-2101.270073,1673.680099,-0.212890,0.000000,0.977076,0.977076,0.000000,0.212890,12.291794,yes,,0.000000
537,89,3,C3v_mirror_0deg,7703.459455,-2088.279692,1678.470134,-0.212890,0.000000,0.977076,0.977076,0.000000,0.212890,12.291794,yes,,0.000000
538,89,4,C3v_mirror_120deg,7681.475243,-2101.270073,1673.680099,-0.212890,0.000000,0.977076,0.977076,0.000000,0.212890,12.291794,yes,,0.000000
539,89,5,C3v_mirror_240deg,7681.475243,-2075.289311,1673.680099,-0.212890,0.000000,0.977076,0.977076,0.000000,0.212890,12.291794,yes,,0.000000
540,90,0,C3v_rot_0deg,7939.259507,-2153.538433,1729.847486,-0.212890,0.000000,0.977076,0.977076,0.000000,0.212890,12.291794,yes,,0.000000
541,90,1,C3v_rot_120deg,7917.275295,-2140.548052,1725.057450,-0.212890,0.000000,0.977076,0.977076,0.000000,0.212890,12.291794,yes,,0.000000
542,90,2,C3v_rot_240deg,7917.275295,-2166.528814,1725.057450,-0.212890,0.000000,0.977076,0.977076,0.000000,0.212890,12.291794,yes,,0.000000
543,90,3,C3v_mirror_0deg,7939.259507,-2153.538433,1729.847486,-0.212890,0.000000,0.977076,0.977076,0.000000,0.212890,12.291794,yes,,0.000000
544,90,4,C3v_mirror_120deg,7917.275295,-2166.528814,1725.057450,-0.212890,0.000000,0.977076,0.977076,0.000000,0.212890,12.291794,yes,,0.000000
545,90,5,C3v_mirror_240deg,7917.275295,-2140.548052,1725.057450,-0.212890,0.000000,0.977076,0.977076,0.000000,0.212890,12.291794,yes,,0.000000
546,91,0,C3v_rot_0deg,8175.059559,-2218.797173,1781.224837,-0.212890,0.000000,0.977076,0.977076,0.000000,0.212890,12.291794,yes,,0.000000
547,91,1,C3v_rot_120deg,8153.075347,-2205.806792,1776.434802,-0.212890,0.000000,0.977076,0.977076,0.000000,0.212890,12.291794,yes,,0.000000
548,91,2,C3v_rot_240deg,8153.075347,-2231.787554,1776.434802,-0.212890,0.000000,0.977076,0.977076,0.000000,0.212890,12.291794,yes,,0.000000
549,91,3,C3v_mirror_0deg,8175.059559,-2218.797173,1781.224837,-0.212890,0.000000,0.977076,0.977076,0.000000,0.212890,12.291794,yes,,0.000000
550,91,4,C3v_mirror_120deg,8153.075347,-2231.787554,1776.434802,-0.212890,0.000000,0.977076,0.977076,0.000000,0.212890,12.291794,yes,,0.000000
551,91,5,C3v_mirror_240deg,8153.075347,-2205.806792,1776.434802,-0.212890,0.000000,0.977076,0.977076,0.000000,0.212890,12.291794,yes,,0.000000
552,92,0,C3v_rot_0deg,8410.859611,-2284.055913,1832.602189,-0.212890,0.000000,0.977076,0.977076,0.000000,0.212890,12.291794,yes,,0.000000
553,92,1,C3v_rot_120deg,8388.875399,-2271.065532,1827.812154,-0.212890,0.000000,0.977076,0.977076,0.000000,0.212890,12.291794,yes,,0.000000
554,92,2,C3v_rot_240deg,8388.875399,-2297.046294,1827.812154,-0.212890,0.000000,0.977076,0.977076,0.000000,0.212890,12.291794,yes,,0.000000
555,92,3,C3v_mirror_0deg,8410.859611,-2284.055913,1832.602189,-0.212890,0.000000,0.977076,0.977076,0.000000,0.212890,12.291794,yes,,0.000000
556,92,4,C3v_mirror_120deg,8388.875399,-2297.046294,1827.812154,-0.212890,0.000000,0.977076,0.977076,0.000000,0.212890,12.291794,yes,,0.000000
557,92,5,C3v_mirror_240deg,8388.875399,-2271.065532,1827.812154,-0.212890,0.000000,0.977076,0.977076,0.000000,0.212890,12.291794,yes,,0.000000
558,93,0,C3v_rot_0deg,8646.659663,-2349.314654,1883.979540,-0.212890,0.000000,0.977076,0.977076,0.000000,0.212890,12.291794,yes,,0.000000
559,93,1,C3v_rot_120deg,8624.675451,-2336.324273,1879.189505,-0.212890,0.000000,0.977076,0.977076,0.000000,0.212890,12.291794,yes,,0.000000
560,93,2,C3v_rot_240deg,8624.675451,-2362.305035,1879.189505,-0.212890,0.000000,0.977076,0.977076,0.000000,0.212890,12.291794,yes,,0.000000
561,93,3,C3v_mirror_0deg,8646.659663,-2349.314654,1883.979540,-0.212890,0.000000,0.977076,0.977076,0.000000,0.212890,12.291794,yes,,0.000000
562,93,4,C3v_mirror_120deg,8624.675451,-2362.305035,1879.189505,-0.212890,0.000000,0.977076,0.977076,0.000000,0.212890,12.291794,yes,,0.000000
563,93,5,C3v_mirror_240deg,8624.675451,-2336.324273,1879.189505,-0.212890,0.000000,0.977076,0.977076,0.000000,0.212890,12.291794,yes,,0.000000
564,94,0,C3v_rot_0deg,8882.459715,-2414.573394,1935.356892,-0.212890,0.000000,0.977076,0.977076,0.000000,0.212890,12.291794,yes,,0.000000
565,94,1,C3v_rot_120deg,8860.475503,-2401.583013,1930.566857,-0.212890,0.000000,0.977076,0.977076,0.000000,0.212890,12.291794,yes,,0.000000
566,94,2,C3v_rot_240deg,8860.475503,-2427.563775,1930.566857,-0.212890,0.000000,0.977076,0.977076,0.000000,0.212890,12.291794,yes,,0.000000
567,94,3,C3v_mirror_0deg,8882.459715,-2414.573394,1935.356892,-0.212890,0.000000,0.977076,0.977076,0.000000,0.212890,12.291794,yes,,0.000000
568,94,4,C3v_mirror_120deg,8860.475503,-2427.563775,1930.566857,-0.212890,0.000000,0.977076,0.977076,0.000000,0.212890,12.291794,yes,,0.000000
569,94,5,C3v_mirror_240deg,8860.475503,-2401.583013,1930.566857,-0.212890,0.000000,0.977076,0.977076,0.000000,0.212890,12.291794,yes,,0.000000
570,95,0,C3v_rot_0deg,9118.259767,-2479.832134,1986.734244,-0.212890,0.000000,0.977076,0.977076,0.000000,0.212890,12.291794,yes,,0.000000
571,95,1,C3v_rot_120deg,9096.275555,-2466.841753,1981.944208,-0.212890,0.000000,0.977076,0.977076,0.000000,0.212890,12.291794,yes,,0.000000
572,95,2,C3v_rot_240deg,9096.275555,-2492.822516,1981.944208,-0.212890,0.000000,0.977076,0.977076,0.000000,0.212890,12.291794,yes,,0.000000
573,95,3,C3v_mirror_0deg,9118.259767,-2479.832134,1986.734244,-0.212890,0.000000,0.977076,0.977076,0.000000,0.212890,12.291794,yes,,0.000000
574,95,4,C3v_mirror_120deg,9096.275555,-2492.822516,1981.944208,-0.212890,0.000000,0.977076,0.977076,0.000000,0.212890,12.291794,yes,,0.000000
575,95,5,C3v_mirror_240deg,9096.275555,-2466.841753,1981.944208,-0.212890,0.000000,0.977076,0.977076,0.000000,0.212890,12.291794,yes,,0.000000
576,96,0,C3v_rot_0deg,9354.059819,-2545.090875,2038.111595,-0.212890,0.000000,0.977076,0.977076,0.000000,0.212890,12.291794,yes,,0.000000
577,96,1,C3v_rot_120deg,9332.075607,-2532.100494,2033.321560,-0.212890,0.000000,0.977076,0.977076,0.000000,0.212890,12.291794,yes,,0.000000
578,96,2,C3v_rot_240deg,9332.075607,-2558.081256,2033.321560,-0.212890,0.000000,0.977076,0.977076,0.000000,0.212890,12.291794,yes,,0.000000
579,96,3,C3v_mirror_0deg,9354.059819,-2545.090875,2038.111595,-0.212890,0.000000,0.977076,0.977076,0.000000,0.212890,12.291794,yes,,0.000000
580,96,4,C3v_mirror_120deg,9332.075607,-2558.081256,2033.321560,-0.212890,0.000000,0.977076,0.977076,0.000000,0.212890,12.291794,yes,,0.000000
581,96,5,C3v_mirror_240deg,9332.075607,-2532.100494,2033.321560,-0.212890,0.000000,0.977076,0.977076,0.000000,0.212890,12.291794,yes,,0.000000
582,97,0,C3v_rot_0deg,9589.859871,-2610.349615,2089.488947,-0.212890,0.000000,0.977076,0.977076,0.000000,0.212890,12.291794,yes,,0.000000
583,97,1,C3v_rot_120deg,9567.875659,-2597.359234,2084.698912,-0.212890,0.000000,0.977076,0.977076,0.000000,0.212890,12.291794,yes,,0.000000
584,97,2,C3v_rot_240deg,9567.875659,-2623.339996,2084.698912,-0.212890,0.000000,0.977076,0.977076,0.000000,0.212890,12.291794,yes,,0.000000
585,97,3,C3v_mirror_0deg,9589.859871,-2610.349615,2089.488947,-0.212890,0.000000,0.977076,0.977076,0.000000,0.212890,12.291794,yes,,0.000000
586,97,4,C3v_mirror_120deg,9567.875659,-2623.339996,2084.698912,-0.212890,0.000000,0.977076,0.977076,0.000000,0.212890,12.291794,yes,,0.000000
587,97,5,C3v_mirror_240deg,9567.875659,-2597.359234,2084.698912,-0.212890,0.000000,0.977076,0.977076,0.000000,0.212890,12.291794,yes,,0.000000
588,98,0,C3v_rot_0deg,9825.659923,-2675.608356,2140.866298,-0.212890,0.000000,0.977076,0.977076,0.000000,0.212890,12.291794,yes,,0.000000
589,98,1,C3v_rot_120deg,9803.675711,-2662.617975,2136.076263,-0.212890,0.000000,0.977076,0.977076,0.000000,0.212890,12.291794,yes,,0.000000
590,98,2,C3v_rot_240deg,9803.675711,-2688.598737,2136.076263,-0.212890,0.000000,0.977076,0.977076,0.000000,0.212890,12.291794,yes,,0.000000
591,98,3,C3v_mirror_0deg,9825.659923,-2675.608356,2140.866298,-0.212890,0.000000,0.977076,0.977076,0.000000,0.212890,12.291794,yes,,0.000000
592,98,4,C3v_mirror_120deg,9803.675711,-2688.598737,2136.076263,-0.212890,0.000000,0.977076,0.977076,0.000000,0.212890,12.291794,yes,,0.000000
593,98,5,C3v_mirror_240deg,9803.675711,-2662.617975,2136.076263,-0.212890,0.000000,0.977076,0.977076,0.000000,0.212890,12.291794,yes,,0.000000
594,99,0,C3v_rot_0deg,10061.459975,-2740.867096,2192.243650,-0.212890,0.000000,0.977076,0.977076,0.000000,0.212890,12.291794,yes,,0.000000
595,99,1,C3v_rot_120deg,10039.475763,-2727.876715,2187.453615,-0.212890,0.000000,0.977076,0.977076,0.000000,0.212890,12.291794,yes,,0.000000
596,99,2,C3v_rot_240deg,10039.475763,-2753.857477,2187.453615,-0.212890,0.000000,0.977076,0.977076,0.000000,0.212890,12.291794,yes,,0.000000
597,99,3,C3v_mirror_0deg,10061.459975,-2740.867096,2192.243650,-0.212890,0.000000,0.977076,0.977076,0.000000,0.212890,12.291794,yes,,0.000000
598,99,4,C3v_mirror_120deg,10039.475763,-2753.857477,2187.453615,-0.212890,0.000000,0.977076,0.977076,0.000000,0.212890,12.291794,yes,,0.000000
599,99,5,C3v_mirror_240deg,10039.475763,-2727.876715,2187.453615,-0.212890,0.000000,0.977076,0.977076,0.000000,0.212890,12.291794,yes,,0.000000
600,100,0,C3v_rot_0deg,10297.260027,-2806.125836,2243.621002,-0.212890,0.000000,0.977076,0.977076,0.000000,0.212890,12.291794,yes,,0.000000
601,100,1,C3v_rot_120deg,10275.275815,-2793.135455,2238.830966,-0.212890,0.000000,0.977076,0.977076,0.000000,0.212890,12.291794,yes,,0.000000
602,100,2,C3v_rot_240deg,10275.275815,-2819.116217,2238.830966,-0.212890,0.000000,0.977076,0.977076,0.000000,0.212890,12.291794,yes,,0.000000
603,100,3,C3v_mirror_0deg,10297.260027,-2806.125836,2243.621002,-0.212890,0.000000,0.977076,0.977076,0.000000,0.212890,12.291794,yes,,0.000000
604,100,4,C3v_mirror_120deg,10275.275815,-2819.116217,2238.830966,-0.212890,0.000000,0.977076,0.977076,0.000000,0.212890,12.291794,yes,,0.000000
605,100,5,C3v_mirror_240deg,10275.275815,-2793.135455,2238.830966,-0.212890,0.000000,0.977076,0.977076,0.000000,0.212890,12.291794,yes,,0.000000
606,101,0,C3v_rot_0deg,10533.060079,-2871.384577,2294.998353,-0.212890,0.000000,0.977076,0.977076,0.000000,0.212890,12.291794,yes,,0.000000
607,101,1,C3v_rot_120deg,10511.075868,-2858.394196,2290.208318,-0.212890,0.000000,0.977076,0.977076,0.000000,0.212890,12.291794,yes,,0.000000
608,101,2,C3v_rot_240deg,10511.075868,-2884.374958,2290.208318,-0.212890,0.000000,0.977076,0.977076,0.000000,0.212890,12.291794,yes,,0.000000
609,101,3,C3v_mirror_0deg,10533.060079,-2871.384577,2294.998353,-0.212890,0.000000,0.977076,0.977076,0.000000,0.212890,12.291794,yes,,0.000000
610,101,4,C3v_mirror_120deg,10511.075868,-2884.374958,2290.208318,-0.212890,0.000000,0.977076,0.977076,0.000000,0.212890,12.291794,yes,,0.000000
611,101,5,C3v_mirror_240deg,10511.075868,-2858.394196,2290.208318,-0.212890,0.000000,0.977076,0.977076,0.000000,0.212890,12.291794,yes,,0.000000
612,102,0,C3v_rot_0deg,10768.860131,-2936.643317,2346.375705,-0.212890,0.000000,0.977076,0.977076,0.000000,0.212890,12.291794,yes,,0.000000
613,102,1,C3v_rot_120deg,10746.875920,-2923.652936,2341.585670,-0.212890,0.000000,0.977076,0.977076,0.000000,0.212890,12.291794,yes,,0.000000
614,102,2,C3v_rot_240deg,10746.875920,-2949.633698,2341.585670,-0.212890,0.000000,0.977076,0.977076,0.000000,0.212890,12.291794,yes,,0.000000
615,102,3,C3v_mirror_0deg,10768.860131,-2936.643317,2346.375705,-0.212890,0.000000,0.977076,0.977076,0.000000,0.212890,12.291794,yes,,0.000000
616,102,4,C3v_mirror_120deg,10746.875920,-2949.633698,2341.585670,-0.212890,0.000000,0.977076,0.977076,0.000000,0.212890,12.291794,yes,,0.000000
617,102,5,C3v_mirror_240deg,10746.875920,-2923.652936,2341.585670,-0.212890,0.000000,0.977076,0.977076,0.000000,0.212890,12.291794,yes,,0.000000
618,103,0,C3v_rot_0deg,11004.660183,-3001.902058,2397.753057,-0.212890,0.000000,0.977076,0.977076,0.000000,0.212890,12.291794,yes,,0.000000
619,103,1,C3v_rot_120deg,10982.675972,-2988.911676,2392.963021,-0.212890,0.000000,0.977076,0.977076,0.000000,0.212890,12.291794,yes,,0.000000
620,103,2,C3v_rot_240deg,10982.675972,-3014.892439,2392.963021,-0.212890,0.000000,0.977076,0.977076,0.000000,0.212890,12.291794,yes,,0.000000
621,103,3,C3v_mirror_0deg,11004.660183,-3001.902058,2397.753057,-0.212890,0.000000,0.977076,0.977076,0.000000,0.212890,12.291794,yes,,0.000000
622,103,4,C3v_mirror_120deg,10982.675972,-3014.892439,2392.963021,-0.212890,0.000000,0.977076,0.977076,0.000000,0.212890,12.291794,yes,,0.000000
623,103,5,C3v_mirror_240deg,10982.675972,-2988.911676,2392.963021,-0.212890,0.000000,0.977076,0.977076,0.000000,0.212890,12.291794,yes,,0.000000
624,104,0,C3v_rot_0deg,11105.908828,-3029.922260,2419.799250,-0.211058,0.000000,0.977474,0.977474,0.000000,0.211058,12.184365,yes,,0.000000
625,104,1,C3v_rot_120deg,11083.921648,-3016.931879,2415.022960,-0.212890,0.000000,0.977076,0.977076,0.000000,0.212890,12.291794,yes,,0.000000
626,104,2,C3v_rot_240deg,11083.921648,-3042.912641,2415.022960,-0.212890,0.000000,0.977076,0.977076,0.000000,0.212890,12.291794,yes,,0.000000
627,104,3,C3v_mirror_0deg,11105.908828,-3029.922260,2419.799250,-0.211058,0.000000,0.977474,0.977474,0.000000,0.211058,12.184365,yes,,0.000000
628,104,4,C3v_mirror_120deg,11083.921648,-3042.912641,2415.022960,-0.212890,0.000000,0.977076,0.977076,0.000000,0.212890,12.291794,yes,,0.000000
629,104,5,C3v_mirror_240deg,11083.921648,-3016.931879,2415.022960,-0.212890,0.000000,0.977076,0.977076,0.000000,0.212890,12.291794,yes,,0.000000
630,105,0,C3v_rot_0deg,11346.932401,-3075.547332,2467.978681,-0.180930,0.000000,0.983496,0.983496,0.000000,0.180930,10.423941,yes,,0.014062
631,105,1,C3v_rot_120deg,11324.809515,-3062.556951,2463.876644,-0.183695,0.000000,0.982983,0.982983,0.000000,0.183695,10.585086,yes,,0.003516
632,105,2,C3v_rot_240deg,11324.809515,-3088.537713,2463.876644,-0.183695,0.000000,0.982983,0.982983,0.000000,0.183695,10.585086,yes,,0.003516
633,105,3,C3v_mirror_0deg,11346.932401,-3075.547332,2467.978681,-0.180930,0.000000,0.983496,0.983496,0.000000,0.180930,10.423941,yes,,0.014062
634,105,4,C3v_mirror_120deg,11324.809515,-3088.537713,2463.876644,-0.183695,0.000000,0.982983,0.982983,0.000000,0.183695,10.585086,yes,,0.003516
635,105,5,C3v_mirror_240deg,11324.809515,-3062.556951,2463.876644,-0.183695,0.000000,0.982983,0.982983,0.000000,0.183695,10.585086,yes,,0.003516
636,106,0,C3v_rot_0deg,11589.413723,-3120.672105,2508.744972,-0.150620,0.000000,0.988592,0.988592,0.000000,0.150620,8.662856,yes,,0.014062
637,106,1,C3v_rot_120deg,11567.175223,-3107.681724,2505.324751,-0.153400,0.000000,0.988164,0.988164,0.000000,0.153400,8.824000,yes,,0.003516
638,106,2,C3v_rot_240deg,11567.175223,-3133.662486,2505.324751,-0.153400,0.000000,0.988164,0.988164,0.000000,0.153400,8.824000,yes,,0.003516
639,106,3,C3v_mirror_0deg,11589.413723,-3120.672105,2508.744972,-0.150620,0.000000,0.988592,0.988592,0.000000,0.150620,8.662856,yes,,0.014062
640,106,4,C3v_mirror_120deg,11567.175223,-3133.662486,2505.324751,-0.153400,0.000000,0.988164,0.988164,0.000000,0.153400,8.824000,yes,,0.003516
641,106,5,C3v_mirror_240deg,11567.175223,-3107.681724,2505.324751,-0.153400,0.000000,0.988164,0.988164,0.000000,0.153400,8.824000,yes,,0.003516
642,107,0,C3v_rot_0deg,11833.107588,-3165.386495,2542.049082,-0.120158,0.000000,0.992755,0.992755,0.000000,0.120158,6.901234,yes,,0.014062
643,107,1,C3v_rot_120deg,11810.774457,-3152.396114,2539.314117,-0.122950,0.000000,0.992413,0.992413,0.000000,0.122950,7.062378,yes,,0.003516
644,107,2,C3v_rot_240deg,11810.774457,-3178.376876,2539.314117,-0.122950,0.000000,0.992413,0.992413,0.000000,0.122950,7.062378,yes,,0.003516
645,107,3,C3v_mirror_0deg,11833.107588,-3165.386495,2542.049082,-0.120158,0.000000,0.992755,0.992755,0.000000,0.120158,6.901234,yes,,0.014062
646,107,4,C3v_mirror_120deg,11810.774457,-3178.376876,2539.314117,-0.122950,0.000000,0.992413,0.992413,0.000000,0.122950,7.062378,yes,,0.003516
647,107,5,C3v_mirror_240deg,11810.774457,-3152.396114,2539.314117,-0.122950,0.000000,0.992413,0.992413,0.000000,0.122950,7.062378,yes,,0.003516
648,108,0,C3v_rot_0deg,12077.769134,-3209.773445,2567.851308,-0.089576,0.000000,0.995980,0.995980,0.000000,0.089576,5.139188,yes,,0.014062
649,108,1,C3v_rot_120deg,12055.362467,-3196.783064,2565.804350,-0.092376,0.000000,0.995724,0.995724,0.000000,0.092376,5.300332,yes,,0.003516
650,108,2,C3v_rot_240deg,12055.362467,-3222.763826,2565.804350,-0.092376,0.000000,0.995724,0.995724,0.000000,0.092376,5.300332,yes,,0.003516
651,108,3,C3v_mirror_0deg,12077.769134,-3209.773445,2567.851308,-0.089576,0.000000,0.995980,0.995980,0.000000,0.089576,5.139188,yes,,0.014062
652,108,4,C3v_mirror_120deg,12055.362467,-3222.763826,2565.804350,-0.092376,0.000000,0.995724,0.995724,0.000000,0.092376,5.300332,yes,,0.003516
653,108,5,C3v_mirror_240deg,12055.362467,-3196.783064,2565.804350,-0.092376,0.000000,0.995724,0.995724,0.000000,0.092376,5.300332,yes,,0.003516
654,109,0,C3v_rot_0deg,12323.152255,-3253.917092,2586.120909,-0.058903,0.000000,0.998264,0.998264,0.000000,0.058903,3.376827,yes,,0.014062
655,109,1,C3v_rot_120deg,12300.693234,-3240.926711,2584.764017,-0.061710,0.000000,0.998094,0.998094,0.000000,0.061710,3.537972,yes,,0.003516
656,109,2,C3v_rot_240deg,12300.693234,-3266.907473,2584.764017,-0.061710,0.000000,0.998094,0.998094,0.000000,0.061710,3.537972,yes,,0.003516
657,109,3,C3v_mirror_0deg,12323.152255,-3253.917092,2586.120909,-0.058903,0.000000,0.998264,0.998264,0.000000,0.058903,3.376827,yes,,0.014062
658,109,4,C3v_mirror_120deg,12300.693234,-3266.907473,2584.764017,-0.061710,0.000000,0.998094,0.998094,0.000000,0.061710,3.537972,yes,,0.003516
659,109,5,C3v_mirror_240deg,12300.693234,-3240.926711,2584.764017,-0.061710,0.000000,0.998094,0.998094,0.000000,0.061710,3.537972,yes,,0.003516
660,110,0,C3v_rot_0deg,12569.009586,-3297.901786,2596.836119,-0.028170,0.000000,0.999603,0.999603,0.000000,0.028170,1.614263,yes,,0.014062
661,110,1,C3v_rot_120deg,12546.519456,-3284.911405,2596.170657,-0.030982,0.000000,0.999520,0.999520,0.000000,0.030982,1.775407,yes,,0.003516
662,110,2,C3v_rot_240deg,12546.519456,-3310.892167,2596.170657,-0.030982,0.000000,0.999520,0.999520,0.000000,0.030982,1.775407,yes,,0.003516
663,110,3,C3v_mirror_0deg,12569.009586,-3297.901786,2596.836119,-0.028170,0.000000,0.999603,0.999603,0.000000,0.028170,1.614263,yes,,0.014062
664,110,4,C3v_mirror_120deg,12546.519456,-3310.892167,2596.170657,-0.030982,0.000000,0.999520,0.999520,0.000000,0.030982,1.775407,yes,,0.003516
665,110,5,C3v_mirror_240deg,12546.519456,-3284.911405,2596.170657,-0.030982,0.000000,0.999520,0.999520,0.000000,0.030982,1.775407,yes,,0.003516
666,111,0,C3v_rot_0deg,12815.094018,-3341.808416,2599.984218,0.002590,0.000000,0.999997,0.999997,0.000000,-0.002590,0.148401,yes,,0.014062
667,111,1,C3v_rot_120deg,12792.594061,-3328.818035,2600.010854,-0.000222,0.000000,1.000000,1.000000,0.000000,0.000222,0.012743,yes,,0.003516
668,111,2,C3v_rot_240deg,12792.594061,-3354.798797,2600.010854,-0.000222,0.000000,1.000000,1.000000,0.000000,0.000222,0.012743,yes,,0.003516
669,111,3,C3v_mirror_0deg,12815.094018,-3341.808416,2599.984218,0.002590,0.000000,0.999997,0.999997,0.000000,-0.002590,0.148401,yes,,0.014062
670,111,4,C3v_mirror_120deg,12792.594061,-3354.798797,2600.010854,-0.000222,0.000000,1.000000,1.000000,0.000000,0.000222,0.012743,yes,,0.003516
671,111,5,C3v_mirror_240deg,12792.594061,-3328.818035,2600.010854,-0.000222,0.000000,1.000000,1.000000,0.000000,0.000222,0.012743,yes,,0.003516
672,112,0,C3v_rot_0deg,13061.158704,-3385.716779,2595.561414,0.033348,0.000000,0.999444,0.999444,0.000000,-0.033348,1.911063,yes,,0.014062
673,112,1,C3v_rot_120deg,13038.670213,-3372.726398,2596.280123,0.030537,0.000000,0.999534,0.999534,0.000000,-0.030537,1.749919,yes,,0.003516
674,112,2,C3v_rot_240deg,13038.670213,-3398.707160,2596.280123,0.030537,0.000000,0.999534,0.999534,0.000000,-0.030537,1.749919,yes,,0.003516
675,112,3,C3v_mirror_0deg,13061.158704,-3385.716779,2595.561414,0.033348,0.000000,0.999444,0.999444,0.000000,-0.033348,1.911063,yes,,0.014062
676,112,4,C3v_mirror_120deg,13038.670213,-3398.707160,2596.280123,0.030537,0.000000,0.999534,0.999534,0.000000,-0.030537,1.749919,yes,,0.003516
677,112,5,C3v_mirror_240deg,13038.670213,-3372.726398,2596.280123,0.030537,0.000000,0.999534,0.999534,0.000000,-0.030537,1.749919,yes,,0.003516
678,113,0,C3v_rot_0deg,13306.956265,-3429.706456,2583.572837,0.064073,0.000000,0.997945,0.997945,0.000000,-0.064073,3.673621,yes,,0.014062
679,113,1,C3v_rot_120deg,13284.500519,-3416.716075,2584.982898,0.061266,0.000000,0.998121,0.998121,0.000000,-0.061266,3.512477,yes,,0.003516
680,113,2,C3v_rot_240deg,13284.500519,-3442.696837,2584.982898,0.061266,0.000000,0.998121,0.998121,0.000000,-0.061266,3.512477,yes,,0.003516
681,113,3,C3v_mirror_0deg,13306.956265,-3429.706456,2583.572837,0.064073,0.000000,0.997945,0.997945,0.000000,-0.064073,3.673621,yes,,0.014062
682,113,4,C3v_mirror_120deg,13284.500519,-3442.696837,2584.982898,0.061266,0.000000,0.998121,0.998121,0.000000,-0.061266,3.512477,yes,,0.003516
683,113,5,C3v_mirror_240deg,13284.500519,-3416.716075,2584.982898,0.061266,0.000000,0.998121,0.998121,0.000000,-0.061266,3.512477,yes,,0.003516
684,114,0,C3v_rot_0deg,13401.274051,-3446.646010,2576.971411,0.073993,0.000000,0.997259,0.997259,0.000000,-0.073993,4.243349,yes,,0.000000
685,114,1,C3v_rot_120deg,13378.835471,-3433.655629,2578.632741,0.073058,0.000000,0.997328,0.997328,0.000000,-0.073058,4.189634,yes,,0.000000
686,114,2,C3v_rot_240deg,13378.835471,-3459.636391,2578.632741,0.073058,0.000000,0.997328,0.997328,0.000000,-0.073058,4.189634,yes,,0.000000
687,114,3,C3v_mirror_0deg,13401.274051,-3446.646010,2576.971411,0.073993,0.000000,0.997259,0.997259,0.000000,-0.073993,4.243349,yes,,0.000000
688,114,4,C3v_mirror_120deg,13378.835471,-3459.636391,2578.632741,0.073058,0.000000,0.997328,0.997328,0.000000,-0.073058,4.189634,yes,,0.000000
689,114,5,C3v_mirror_240deg,13378.835471,-3433.655629,2578.632741,0.073058,0.000000,0.997328,0.997328,0.000000,-0.073058,4.189634,yes,,0.000000
